latitude,longitude,elevation,utc_offset_seconds,timezone,timezone_abbreviation
45.51845,-122.63736,13.0,-25200,America/Los_Angeles,PDT

time,wind_speed_10m_max (mp/h),wind_gusts_10m_max (mp/h),wind_direction_10m_dominant (Â°)
2010-01-01,16.0,42.1,199
2010-01-02,11.7,29.3,191
2010-01-03,4.3,9.6,0
2010-01-04,7.7,25.3,179
2010-01-05,6.5,14.1,178
2010-01-06,8.0,18.1,32
2010-01-07,7.4,17.7,17
2010-01-08,5.9,28.0,6
2010-01-09,5.7,10.5,7
2010-01-10,5.0,10.1,8
2010-01-11,3.6,9.8,18
2010-01-12,14.1,32.4,164
2010-01-13,18.7,41.2,191
2010-01-14,7.8,17.7,177
2010-01-15,14.2,30.2,199
2010-01-16,8.2,17.2,166
2010-01-17,18.3,44.3,147
2010-01-18,22.0,47.9,131
2010-01-19,17.5,40.3,136
2010-01-20,6.9,17.4,44
2010-01-21,9.8,20.8,85
2010-01-22,6.8,13.9,227
2010-01-23,5.4,13.6,181
2010-01-24,6.1,25.7,94
2010-01-25,8.1,21.5,182
2010-01-26,4.3,12.1,318
2010-01-27,4.5,11.6,11
2010-01-28,4.6,12.5,14
2010-01-29,5.5,15.7,3
2010-01-30,3.8,7.2,2
2010-01-31,4.8,11.6,159
2010-02-01,4.7,8.5,54
2010-02-02,5.5,14.1,51
2010-02-03,8.2,21.0,141
2010-02-04,10.1,16.6,63
2010-02-05,6.9,15.0,119
2010-02-06,4.1,8.3,331
2010-02-07,3.4,11.2,228
2010-02-08,4.7,9.2,360
2010-02-09,4.9,10.7,333
2010-02-10,11.2,25.5,184
2010-02-11,15.2,38.5,176
2010-02-12,15.6,40.5,194
2010-02-13,6.0,13.6,121
2010-02-14,6.0,25.5,205
2010-02-15,7.6,19.0,88
2010-02-16,7.3,15.0,235
2010-02-17,9.4,19.0,12
2010-02-18,9.7,21.9,36
2010-02-19,9.5,23.5,30
2010-02-20,8.7,20.4,31
2010-02-21,6.3,16.6,28
2010-02-22,4.1,9.6,12
2010-02-23,4.1,6.5,7
2010-02-24,11.2,28.9,198
2010-02-25,8.1,20.6,174
2010-02-26,13.2,17.9,81
2010-02-27,12.4,27.3,207
2010-02-28,4.3,9.2,319
2010-03-01,3.6,9.6,337
2010-03-02,9.6,22.6,190
2010-03-03,5.9,15.2,267
2010-03-04,4.8,11.0,214
2010-03-05,7.6,18.3,4
2010-03-06,6.1,15.9,358
2010-03-07,7.9,18.8,233
2010-03-08,10.1,25.5,320
2010-03-09,13.2,31.1,181
2010-03-10,8.2,20.4,196
2010-03-11,15.9,44.1,186
2010-03-12,17.4,42.3,197
2010-03-13,10.0,22.1,191
2010-03-14,4.9,8.5,20
2010-03-15,5.9,16.8,9
2010-03-16,14.1,29.8,199
2010-03-17,9.5,21.9,358
2010-03-18,9.1,21.7,4
2010-03-19,10.3,23.9,21
2010-03-20,9.1,23.5,225
2010-03-21,10.6,33.3,211
2010-03-22,6.0,15.7,228
2010-03-23,6.3,17.0,1
2010-03-24,9.8,26.6,247
2010-03-25,18.8,42.1,191
2010-03-26,11.6,30.4,214
2010-03-27,7.9,18.6,148
2010-03-28,16.0,42.1,193
2010-03-29,20.5,57.0,208
2010-03-30,12.8,27.5,195
2010-03-31,7.8,21.0,206
2010-04-01,9.9,26.6,205
2010-04-02,16.5,45.9,202
2010-04-03,11.5,30.9,198
2010-04-04,10.5,26.8,142
2010-04-05,19.3,51.0,189
2010-04-06,10.3,28.0,225
2010-04-07,11.7,24.2,200
2010-04-08,14.4,34.7,253
2010-04-09,7.6,15.0,100
2010-04-10,11.3,25.5,21
2010-04-11,7.4,17.4,13
2010-04-12,6.7,19.0,338
2010-04-13,7.4,20.1,251
2010-04-14,7.7,17.7,329
2010-04-15,9.7,21.5,211
2010-04-16,6.8,20.1,255
2010-04-17,12.1,25.1,226
2010-04-18,3.8,10.5,289
2010-04-19,9.4,28.9,230
2010-04-20,11.7,25.1,312
2010-04-21,9.1,22.1,312
2010-04-22,7.2,18.6,314
2010-04-23,8.1,20.8,263
2010-04-24,10.4,25.7,244
2010-04-25,4.8,14.8,32
2010-04-26,12.0,27.7,169
2010-04-27,12.0,30.2,204
2010-04-28,9.4,24.6,210
2010-04-29,9.2,27.5,252
2010-04-30,7.4,19.2,258
2010-05-01,12.0,27.5,255
2010-05-02,10.9,21.3,227
2010-05-03,15.5,35.3,252
2010-05-04,6.4,20.6,234
2010-05-05,6.6,22.1,267
2010-05-06,5.6,15.2,34
2010-05-07,7.2,15.2,359
2010-05-08,6.0,12.1,297
2010-05-09,9.8,23.5,271
2010-05-10,8.5,23.0,266
2010-05-11,5.7,13.9,276
2010-05-12,6.2,12.3,343
2010-05-13,6.9,13.0,347
2010-05-14,7.6,13.9,328
2010-05-15,7.2,12.5,302
2010-05-16,5.2,12.5,306
2010-05-17,8.9,20.4,244
2010-05-18,12.7,28.4,207
2010-05-19,15.9,49.2,193
2010-05-20,11.5,28.0,202
2010-05-21,7.9,19.9,196
2010-05-22,7.2,19.9,226
2010-05-23,7.8,23.3,217
2010-05-24,8.6,20.1,181
2010-05-25,4.9,19.9,136
2010-05-26,9.3,25.3,236
2010-05-27,6.0,17.9,324
2010-05-28,10.4,25.1,246
2010-05-29,6.7,15.4,222
2010-05-30,5.6,14.5,220
2010-05-31,9.1,22.1,216
2010-06-01,8.7,18.8,200
2010-06-02,12.7,25.9,205
2010-06-03,5.6,13.6,192
2010-06-04,8.4,25.7,290
2010-06-05,5.2,15.7,33
2010-06-06,6.6,21.9,219
2010-06-07,6.3,13.2,311
2010-06-08,6.6,18.1,303
2010-06-09,11.5,33.3,212
2010-06-10,7.9,16.6,237
2010-06-11,6.7,16.8,6
2010-06-12,6.5,15.7,355
2010-06-13,10.0,25.1,330
2010-06-14,8.2,20.6,335
2010-06-15,8.3,23.3,270
2010-06-16,9.9,23.5,249
2010-06-17,5.8,11.6,296
2010-06-18,7.8,17.0,325
2010-06-19,5.1,11.6,260
2010-06-20,5.4,13.4,258
2010-06-21,5.0,12.1,343
2010-06-22,5.4,14.1,4
2010-06-23,6.8,13.6,308
2010-06-24,6.7,13.9,331
2010-06-25,7.1,14.3,319
2010-06-26,6.3,13.4,337
2010-06-27,7.2,16.8,317
2010-06-28,9.5,21.3,288
2010-06-29,8.5,21.9,322
2010-06-30,5.6,15.4,348
2010-07-01,6.8,17.4,232
2010-07-02,7.8,20.1,244
2010-07-03,6.7,18.6,347
2010-07-04,6.9,17.4,335
2010-07-05,7.4,17.0,356
2010-07-06,12.1,29.1,6
2010-07-07,8.6,22.1,15
2010-07-08,7.1,13.9,322
2010-07-09,9.2,18.8,325
2010-07-10,8.8,23.5,336
2010-07-11,10.0,22.4,323
2010-07-12,9.4,21.9,327
2010-07-13,7.0,17.4,360
2010-07-14,8.1,20.4,359
2010-07-15,8.9,20.4,343
2010-07-16,8.4,18.6,344
2010-07-17,7.1,17.4,337
2010-07-18,7.4,19.5,330
2010-07-19,7.6,17.9,350
2010-07-20,8.0,19.0,335
2010-07-21,7.0,17.7,337
2010-07-22,9.4,21.5,334
2010-07-23,10.4,23.9,3
2010-07-24,10.4,24.4,353
2010-07-25,7.1,14.5,329
2010-07-26,7.7,17.4,315
2010-07-27,7.4,15.2,303
2010-07-28,7.8,16.6,320
2010-07-29,6.8,15.0,333
2010-07-30,7.8,17.2,299
2010-07-31,6.1,16.1,248
2010-08-01,6.0,13.0,300
2010-08-02,6.4,14.8,320
2010-08-03,7.3,15.9,295
2010-08-04,6.6,14.1,329
2010-08-05,7.1,17.0,297
2010-08-06,8.0,19.0,312
2010-08-07,6.7,17.7,308
2010-08-08,8.3,19.9,328
2010-08-09,7.0,17.7,324
2010-08-10,5.9,13.4,334
2010-08-11,5.9,14.3,330
2010-08-12,6.4,13.2,311
2010-08-13,11.6,27.3,16
2010-08-14,9.8,25.1,24
2010-08-15,7.8,16.6,281
2010-08-16,6.1,13.0,343
2010-08-17,9.7,23.0,305
2010-08-18,7.0,15.9,264
2010-08-19,8.1,18.1,314
2010-08-20,8.3,19.5,356
2010-08-21,6.6,16.8,329
2010-08-22,7.1,19.0,296
2010-08-23,10.5,23.5,8
2010-08-24,8.5,21.3,7
2010-08-25,8.6,16.6,344
2010-08-26,8.4,22.1,304
2010-08-27,8.7,18.8,358
2010-08-28,9.3,21.7,334
2010-08-29,6.5,17.7,239
2010-08-30,5.4,11.9,201
2010-08-31,10.9,23.3,211
2010-09-01,10.1,21.5,218
2010-09-02,10.7,26.2,16
2010-09-03,9.3,20.1,305
2010-09-04,9.5,24.2,326
2010-09-05,8.5,19.9,304
2010-09-06,4.2,12.1,304
2010-09-07,4.7,14.3,236
2010-09-08,6.1,14.1,289
2010-09-09,7.1,19.5,247
2010-09-10,5.4,10.1,286
2010-09-11,5.0,13.6,357
2010-09-12,6.7,16.1,340
2010-09-13,6.3,16.1,351
2010-09-14,4.6,10.7,355
2010-09-15,9.0,21.9,205
2010-09-16,9.6,21.7,187
2010-09-17,7.6,20.8,190
2010-09-18,7.4,19.7,153
2010-09-19,11.4,31.8,200
2010-09-20,11.1,23.5,216
2010-09-21,4.9,15.0,6
2010-09-22,4.8,13.0,261
2010-09-23,7.8,19.2,185
2010-09-24,7.7,19.0,171
2010-09-25,5.0,14.1,233
2010-09-26,7.8,16.3,194
2010-09-27,6.3,11.2,185
2010-09-28,7.0,14.3,352
2010-09-29,8.1,18.6,357
2010-09-30,6.5,16.8,354
2010-10-01,7.4,17.7,246
2010-10-02,5.5,14.3,341
2010-10-03,5.6,11.4,300
2010-10-04,5.4,16.6,315
2010-10-05,10.5,23.5,357
2010-10-06,7.4,16.1,1
2010-10-07,11.7,26.2,210
2010-10-08,10.2,23.5,190
2010-10-09,10.8,21.7,176
2010-10-10,10.5,22.8,275
2010-10-11,5.8,13.2,6
2010-10-12,6.1,14.8,359
2010-10-13,5.7,11.2,352
2010-10-14,7.6,15.4,301
2010-10-15,10.8,23.0,4
2010-10-16,7.6,17.2,350
2010-10-17,7.0,17.2,351
2010-10-18,6.0,13.6,357
2010-10-19,7.4,17.4,358
2010-10-20,5.4,10.3,343
2010-10-21,8.8,19.7,196
2010-10-22,7.6,17.4,184
2010-10-23,13.1,28.4,159
2010-10-24,16.9,50.3,210
2010-10-25,15.7,39.6,211
2010-10-26,12.6,31.3,204
2010-10-27,6.9,16.6,72
2010-10-28,5.2,19.7,79
2010-10-29,3.9,10.1,21
2010-10-30,12.1,37.8,180
2010-10-31,13.0,36.0,186
2010-11-01,14.8,36.5,201
2010-11-02,9.6,18.3,11
2010-11-03,7.8,15.7,11
2010-11-04,5.7,11.4,332
2010-11-05,5.6,11.0,298
2010-11-06,10.5,34.4,189
2010-11-07,9.3,20.4,212
2010-11-08,7.3,19.7,202
2010-11-09,11.9,31.1,173
2010-11-10,8.6,18.3,98
2010-11-11,9.1,20.4,195
2010-11-12,4.6,8.7,232
2010-11-13,4.9,13.4,192
2010-11-14,6.0,13.0,208
2010-11-15,14.0,28.9,215
2010-11-16,14.4,31.5,250
2010-11-17,17.6,36.9,200
2010-11-18,11.1,27.5,206
2010-11-19,17.7,40.0,184
2010-11-20,8.6,19.7,95
2010-11-21,8.6,21.5,251
2010-11-22,13.6,27.1,235
2010-11-23,6.8,17.7,25
2010-11-24,3.9,11.6,103
2010-11-25,3.6,8.9,171
2010-11-26,13.7,28.6,186
2010-11-27,5.3,13.0,233
2010-11-28,4.9,14.3,214
2010-11-29,8.2,15.0,162
2010-11-30,13.3,29.1,183
2010-12-01,5.5,13.2,288
2010-12-02,4.2,10.3,235
2010-12-03,10.0,22.4,26
2010-12-04,8.5,20.4,25
2010-12-05,8.4,18.3,16
2010-12-06,7.7,16.3,17
2010-12-07,6.5,28.9,46
2010-12-08,12.3,32.9,181
2010-12-09,13.0,34.4,202
2010-12-10,7.8,16.1,211
2010-12-11,13.6,31.1,171
2010-12-12,15.3,33.1,202
2010-12-13,13.7,33.8,193
2010-12-14,18.4,48.1,215
2010-12-15,10.3,26.4,187
2010-12-16,5.8,13.4,108
2010-12-17,11.1,20.8,45
2010-12-18,12.1,36.2,151
2010-12-19,6.9,21.7,105
2010-12-20,12.1,30.4,168
2010-12-21,7.6,21.0,53
2010-12-22,9.0,19.2,168
2010-12-23,9.0,19.2,154
2010-12-24,6.2,10.1,42
2010-12-25,9.9,19.9,330
2010-12-26,17.1,43.6,191
2010-12-27,15.7,34.4,187
2010-12-28,15.2,44.7,232
2010-12-29,9.0,32.9,268
2010-12-30,4.5,10.1,347
2010-12-31,6.3,14.3,35
2011-01-01,6.3,16.3,12
2011-01-02,6.6,16.3,7
2011-01-03,5.8,13.4,358
2011-01-04,3.7,7.8,289
2011-01-05,6.4,13.4,191
2011-01-06,3.2,6.5,245
2011-01-07,7.1,17.7,211
2011-01-08,5.8,17.2,241
2011-01-09,7.4,17.9,203
2011-01-10,7.6,14.5,66
2011-01-11,6.3,15.7,29
2011-01-12,14.8,36.0,198
2011-01-13,13.6,41.2,195
2011-01-14,13.6,29.8,198
2011-01-15,14.6,32.9,196
2011-01-16,13.6,32.0,212
2011-01-17,15.2,35.8,237
2011-01-18,9.2,20.6,301
2011-01-19,7.9,15.7,358
2011-01-20,4.5,8.3,304
2011-01-21,7.5,15.4,201
2011-01-22,5.2,13.9,349
2011-01-23,3.8,6.0,328
2011-01-24,7.4,15.9,231
2011-01-25,5.4,11.6,315
2011-01-26,4.5,7.8,343
2011-01-27,3.8,8.9,251
2011-01-28,10.0,25.7,193
2011-01-29,8.6,18.1,179
2011-01-30,4.3,8.9,336
2011-01-31,6.6,14.5,4
2011-02-01,9.0,21.5,19
2011-02-02,5.8,14.8,356
2011-02-03,3.7,6.7,317
2011-02-04,7.6,20.1,223
2011-02-05,5.2,13.4,221
2011-02-06,9.6,20.6,215
2011-02-07,11.5,34.9,265
2011-02-08,5.3,12.5,329
2011-02-09,5.1,11.9,353
2011-02-10,5.1,9.2,345
2011-02-11,5.5,9.8,232
2011-02-12,18.5,41.2,215
2011-02-13,6.5,17.2,139
2011-02-14,17.2,42.1,193
2011-02-15,12.3,37.1,177
2011-02-16,10.4,25.3,193
2011-02-17,7.7,18.6,201
2011-02-18,8.8,21.0,180
2011-02-19,12.3,27.3,360
2011-02-20,8.5,19.5,225
2011-02-21,6.2,12.8,212
2011-02-22,10.6,31.5,240
2011-02-23,10.1,28.0,215
2011-02-24,7.4,21.0,194
2011-02-25,11.3,27.3,35
2011-02-26,8.6,17.9,178
2011-02-27,16.7,36.0,197
2011-02-28,19.1,50.6,207
2011-03-01,6.1,23.7,106
2011-03-02,14.8,35.1,197
2011-03-03,11.4,29.1,194
2011-03-04,11.2,29.3,164
2011-03-05,7.6,15.9,234
2011-03-06,4.8,9.6,330
2011-03-07,7.5,19.0,213
2011-03-08,12.2,34.9,192
2011-03-09,16.1,44.1,190
2011-03-10,16.9,47.2,206
2011-03-11,10.7,27.3,184
2011-03-12,10.0,24.4,175
2011-03-13,21.4,45.4,172
2011-03-14,15.9,34.7,190
2011-03-15,16.8,44.1,196
2011-03-16,11.0,30.9,195
2011-03-17,12.5,28.6,168
2011-03-18,8.8,19.9,155
2011-03-19,7.5,24.8,174
2011-03-20,10.0,24.4,27
2011-03-21,7.7,23.0,219
2011-03-22,9.0,22.4,187
2011-03-23,6.8,16.8,29
2011-03-24,8.2,20.4,84
2011-03-25,9.1,28.0,192
2011-03-26,9.6,24.4,173
2011-03-27,12.7,37.6,188
2011-03-28,10.1,23.9,202
2011-03-29,11.8,25.9,194
2011-03-30,12.3,27.3,207
2011-03-31,11.0,23.0,220
2011-04-01,10.6,22.8,248
2011-04-02,10.4,30.0,266
2011-04-03,5.4,14.5,210
2011-04-04,11.2,24.6,206
2011-04-05,13.4,30.6,228
2011-04-06,10.4,26.2,212
2011-04-07,7.0,20.4,345
2011-04-08,7.0,18.8,342
2011-04-09,7.0,17.0,241
2011-04-10,13.5,28.2,190
2011-04-11,11.6,27.5,235
2011-04-12,5.9,15.7,231
2011-04-13,11.3,31.5,201
2011-04-14,14.5,44.5,196
2011-04-15,9.0,21.5,168
2011-04-16,7.9,17.4,253
2011-04-17,7.2,13.9,354
2011-04-18,7.1,19.5,311
2011-04-19,7.4,14.3,8
2011-04-20,8.3,17.7,321
2011-04-21,9.0,24.2,269
2011-04-22,9.3,23.3,14
2011-04-23,11.0,22.8,287
2011-04-24,10.1,26.4,192
2011-04-25,14.4,36.9,225
2011-04-26,11.3,27.7,212
2011-04-27,12.6,34.2,215
2011-04-28,8.5,23.0,215
2011-04-29,6.2,13.4,261
2011-04-30,6.7,12.8,345
2011-05-01,6.1,13.6,354
2011-05-02,11.7,31.8,232
2011-05-03,6.5,14.1,306
2011-05-04,6.5,14.8,351
2011-05-05,5.9,13.6,246
2011-05-06,7.9,15.9,220
2011-05-07,10.3,23.7,215
2011-05-08,5.7,19.5,271
2011-05-09,5.4,11.9,307
2011-05-10,4.5,11.0,304
2011-05-11,11.8,26.2,215
2011-05-12,9.2,21.0,212
2011-05-13,7.6,19.5,332
2011-05-14,8.5,16.3,226
2011-05-15,9.1,18.1,227
2011-05-16,6.8,20.6,210
2011-05-17,4.7,17.0,354
2011-05-18,7.3,19.5,305
2011-05-19,6.8,13.0,317
2011-05-20,9.8,19.9,301
2011-05-21,6.0,12.8,311
2011-05-22,6.4,14.8,293
2011-05-23,5.7,19.5,280
2011-05-24,5.5,14.1,209
2011-05-25,10.3,25.7,204
2011-05-26,11.4,34.0,184
2011-05-27,10.5,27.3,210
2011-05-28,6.9,15.9,254
2011-05-29,7.2,14.8,269
2011-05-30,7.1,18.1,214
2011-05-31,5.6,15.0,276
2011-06-01,5.8,19.5,224
2011-06-02,9.3,27.3,203
2011-06-03,11.5,25.5,27
2011-06-04,11.5,26.4,17
2011-06-05,7.0,16.1,225
2011-06-06,9.3,22.6,255
2011-06-07,8.3,19.7,242
2011-06-08,5.7,15.4,260
2011-06-09,6.2,13.9,347
2011-06-10,6.2,15.0,312
2011-06-11,5.6,15.0,341
2011-06-12,7.5,17.7,244
2011-06-13,9.6,22.6,230
2011-06-14,8.5,19.9,312
2011-06-15,7.6,18.8,310
2011-06-16,6.0,12.5,331
2011-06-17,6.4,15.7,327
2011-06-18,7.5,16.6,231
2011-06-19,5.5,13.2,257
2011-06-20,4.8,10.5,325
2011-06-21,6.7,14.8,355
2011-06-22,7.4,17.7,310
2011-06-23,7.0,15.4,293
2011-06-24,6.8,15.9,336
2011-06-25,6.6,15.9,2
2011-06-26,5.3,11.6,342
2011-06-27,6.4,14.3,252
2011-06-28,5.5,17.2,248
2011-06-29,10.8,25.1,238
2011-06-30,6.0,16.1,256
2011-07-01,7.7,19.0,4
2011-07-02,9.6,22.8,303
2011-07-03,7.2,16.8,350
2011-07-04,8.1,19.0,350
2011-07-05,10.1,24.4,357
2011-07-06,11.0,24.2,346
2011-07-07,8.8,20.6,323
2011-07-08,8.1,20.6,8
2011-07-09,7.0,17.7,344
2011-07-10,6.7,16.6,308
2011-07-11,6.1,15.0,247
2011-07-12,8.3,16.6,221
2011-07-13,7.4,17.0,230
2011-07-14,8.0,19.9,233
2011-07-15,8.1,19.9,237
2011-07-16,9.0,20.4,204
2011-07-17,5.1,12.3,257
2011-07-18,6.2,16.1,1
2011-07-19,6.8,19.2,281
2011-07-20,5.9,12.1,326
2011-07-21,7.9,18.6,244
2011-07-22,7.2,18.1,3
2011-07-23,7.5,19.0,2
2011-07-24,9.0,21.0,281
2011-07-25,7.4,19.5,300
2011-07-26,8.4,21.5,352
2011-07-27,8.8,21.5,348
2011-07-28,9.4,23.7,354
2011-07-29,9.2,22.1,353
2011-07-30,8.5,20.8,334
2011-07-31,9.5,23.7,345
2011-08-01,8.3,16.1,332
2011-08-02,6.8,19.2,279
2011-08-03,7.1,16.1,325
2011-08-04,9.7,21.5,328
2011-08-05,7.9,19.2,343
2011-08-06,6.7,17.0,345
2011-08-07,7.3,16.1,337
2011-08-08,8.1,18.3,328
2011-08-09,7.0,15.4,329
2011-08-10,8.3,17.4,336
2011-08-11,6.8,15.9,355
2011-08-12,8.1,18.3,338
2011-08-13,6.5,17.9,327
2011-08-14,5.7,20.4,322
2011-08-15,6.6,18.8,11
2011-08-16,7.6,18.3,356
2011-08-17,8.5,21.9,338
2011-08-18,8.1,20.4,351
2011-08-19,9.2,23.9,356
2011-08-20,8.3,20.4,360
2011-08-21,10.0,22.4,271
2011-08-22,8.3,22.4,223
2011-08-23,5.5,14.1,226
2011-08-24,8.3,19.2,357
2011-08-25,9.5,18.1,339
2011-08-26,7.6,19.9,343
2011-08-27,9.4,20.4,340
2011-08-28,7.7,18.8,312
2011-08-29,7.6,20.4,306
2011-08-30,8.6,23.5,329
2011-08-31,6.1,16.1,296
2011-09-01,7.9,17.9,356
2011-09-02,9.5,22.4,5
2011-09-03,10.3,24.8,20
2011-09-04,6.6,12.8,328
2011-09-05,7.1,13.4,324
2011-09-06,8.2,18.3,357
2011-09-07,6.9,16.8,345
2011-09-08,7.4,16.1,317
2011-09-09,10.1,23.7,355
2011-09-10,8.6,18.8,1
2011-09-11,8.0,17.4,277
2011-09-12,5.2,13.9,244
2011-09-13,6.3,13.4,327
2011-09-14,6.5,17.4,333
2011-09-15,5.1,14.8,266
2011-09-16,5.5,13.4,328
2011-09-17,8.1,19.0,183
2011-09-18,8.6,20.6,198
2011-09-19,5.9,15.9,359
2011-09-20,5.0,9.6,335
2011-09-21,5.2,10.5,276
2011-09-22,6.2,16.8,216
2011-09-23,5.1,16.6,213
2011-09-24,9.7,21.7,229
2011-09-25,17.1,40.7,201
2011-09-26,13.1,30.4,190
2011-09-27,7.8,18.6,221
2011-09-28,10.3,25.3,14
2011-09-29,4.9,13.6,353
2011-09-30,4.8,11.6,307
2011-10-01,8.2,21.7,213
2011-10-02,8.5,28.4,164
2011-10-03,8.7,25.1,179
2011-10-04,13.2,30.6,172
2011-10-05,9.4,22.8,194
2011-10-06,4.7,12.5,231
2011-10-07,9.1,20.8,193
2011-10-08,5.4,14.5,204
2011-10-09,3.9,10.7,182
2011-10-10,12.8,27.7,199
2011-10-11,13.2,37.4,214
2011-10-12,5.9,13.6,233
2011-10-13,7.9,19.9,358
2011-10-14,5.7,11.4,354
2011-10-15,6.4,15.9,354
2011-10-16,5.9,11.6,343
2011-10-17,8.5,18.1,358
2011-10-18,7.4,15.4,2
2011-10-19,8.6,21.9,228
2011-10-20,5.4,12.5,338
2011-10-21,9.3,22.1,201
2011-10-22,10.7,23.9,203
2011-10-23,7.9,19.2,334
2011-10-24,5.7,14.5,347
2011-10-25,7.3,18.1,2
2011-10-26,4.3,9.4,304
2011-10-27,6.7,16.8,2
2011-10-28,12.9,27.5,204
2011-10-29,4.3,10.5,272
2011-10-30,8.1,17.0,214
2011-10-31,8.7,18.1,309
2011-11-01,4.6,13.6,354
2011-11-02,6.2,15.9,236
2011-11-03,5.6,12.3,213
2011-11-04,4.2,11.2,228
2011-11-05,7.8,16.6,161
2011-11-06,4.3,9.6,280
2011-11-07,6.4,15.7,205
2011-11-08,4.3,10.3,156
2011-11-09,4.7,11.4,14
2011-11-10,4.7,9.8,349
2011-11-11,13.3,28.6,242
2011-11-12,13.9,29.5,205
2011-11-13,9.3,25.1,219
2011-11-14,6.5,21.7,231
2011-11-15,4.3,10.1,11
2011-11-16,18.7,40.5,190
2011-11-17,14.2,40.3,229
2011-11-18,9.8,25.3,210
2011-11-19,6.5,14.1,195
2011-11-20,6.3,13.0,10
2011-11-21,16.0,34.4,186
2011-11-22,19.5,57.5,192
2011-11-23,18.4,50.3,205
2011-11-24,17.3,47.9,194
2011-11-25,8.0,17.0,190
2011-11-26,2.9,7.8,67
2011-11-27,13.7,29.5,203
2011-11-28,6.1,15.2,354
2011-11-29,10.2,21.9,227
2011-11-30,8.5,20.4,328
2011-12-01,6.8,13.4,346
2011-12-02,5.2,13.4,336
2011-12-03,4.9,9.2,341
2011-12-04,6.8,17.2,358
2011-12-05,5.4,10.5,344
2011-12-06,5.9,8.9,331
2011-12-07,6.2,13.9,354
2011-12-08,6.4,13.6,348
2011-12-09,6.5,12.1,347
2011-12-10,3.2,6.0,300
2011-12-11,6.4,11.0,346
2011-12-12,10.3,23.3,5
2011-12-13,5.4,10.7,347
2011-12-14,5.6,11.6,157
2011-12-15,3.5,8.9,186
2011-12-16,4.8,8.1,335
2011-12-17,5.2,8.1,319
2011-12-18,3.4,8.1,237
2011-12-19,5.0,11.9,6
2011-12-20,3.9,7.4,270
2011-12-21,6.5,15.7,349
2011-12-22,5.1,11.2,352
2011-12-23,4.9,8.5,257
2011-12-24,4.1,6.5,315
2011-12-25,14.9,41.6,209
2011-12-26,9.4,22.8,188
2011-12-27,17.4,51.7,191
2011-12-28,18.1,56.4,206
2011-12-29,13.3,31.5,203
2011-12-30,11.5,31.5,236
2011-12-31,6.6,15.7,38
2012-01-01,6.6,16.8,5
2012-01-02,15.8,35.6,209
2012-01-03,7.4,15.2,169
2012-01-04,11.5,35.6,202
2012-01-05,9.4,26.2,228
2012-01-06,4.5,11.4,250
2012-01-07,3.6,9.4,137
2012-01-08,4.0,8.3,333
2012-01-09,5.3,9.4,298
2012-01-10,7.4,14.5,345
2012-01-11,10.0,23.0,10
2012-01-12,7.8,16.8,360
2012-01-13,4.5,8.3,324
2012-01-14,11.8,25.1,223
2012-01-15,7.7,22.1,212
2012-01-16,10.8,28.0,196
2012-01-17,14.1,37.4,207
2012-01-18,20.9,56.1,194
2012-01-19,14.7,36.7,195
2012-01-20,15.7,45.4,172
2012-01-21,16.6,40.7,217
2012-01-22,17.1,49.2,179
2012-01-23,3.4,7.6,322
2012-01-24,17.5,48.1,192
2012-01-25,16.8,42.7,216
2012-01-26,11.9,25.1,265
2012-01-27,4.7,10.7,358
2012-01-28,3.3,8.3,274
2012-01-29,12.9,33.1,203
2012-01-30,9.1,21.0,208
2012-01-31,7.9,18.3,189
2012-02-01,9.2,20.4,239
2012-02-02,7.7,17.2,15
2012-02-03,8.4,16.8,24
2012-02-04,5.2,13.2,13
2012-02-05,6.6,15.7,360
2012-02-06,8.5,19.9,21
2012-02-07,7.3,14.8,20
2012-02-08,3.2,17.7,50
2012-02-09,5.6,16.3,14
2012-02-10,8.2,27.7,195
2012-02-11,5.4,15.0,227
2012-02-12,4.1,9.6,252
2012-02-13,5.2,10.5,310
2012-02-14,10.4,25.3,217
2012-02-15,4.3,10.7,154
2012-02-16,4.5,10.5,189
2012-02-17,13.8,36.9,206
2012-02-18,11.0,30.9,213
2012-02-19,6.3,16.3,186
2012-02-20,9.5,21.3,194
2012-02-21,12.0,24.6,207
2012-02-22,14.1,28.9,241
2012-02-23,5.0,12.8,242
2012-02-24,13.1,32.0,207
2012-02-25,14.5,36.7,247
2012-02-26,6.4,15.2,225
2012-02-27,6.7,17.9,7
2012-02-28,13.3,39.8,172
2012-02-29,14.5,35.8,199
2012-03-01,5.8,18.6,234
2012-03-02,9.7,21.7,198
2012-03-03,6.6,15.7,216
2012-03-04,5.0,8.9,299
2012-03-05,14.8,31.5,225
2012-03-06,5.9,14.8,263
2012-03-07,5.0,11.4,346
2012-03-08,5.5,10.1,312
2012-03-09,7.7,19.9,212
2012-03-10,12.0,26.8,191
2012-03-11,13.7,30.4,197
2012-03-12,19.0,41.4,189
2012-03-13,12.4,33.8,198
2012-03-14,14.9,32.2,179
2012-03-15,19.1,48.8,199
2012-03-16,10.2,25.9,197
2012-03-17,10.3,24.2,221
2012-03-18,7.9,22.8,248
2012-03-19,12.2,27.7,178
2012-03-20,15.9,35.8,217
2012-03-21,5.7,13.6,20
2012-03-22,7.0,18.3,188
2012-03-23,8.7,20.4,43
2012-03-24,10.1,25.3,358
2012-03-25,9.2,21.5,233
2012-03-26,11.0,26.4,183
2012-03-27,11.2,23.0,132
2012-03-28,16.7,47.6,190
2012-03-29,18.3,53.7,190
2012-03-30,14.5,44.5,212
2012-03-31,11.4,35.8,182
2012-04-01,15.6,33.3,206
2012-04-02,8.6,18.6,171
2012-04-03,8.8,19.2,195
2012-04-04,9.6,22.4,204
2012-04-05,5.0,13.6,215
2012-04-06,5.3,15.7,227
2012-04-07,6.4,19.2,18
2012-04-08,7.3,15.4,21
2012-04-09,5.5,12.3,293
2012-04-10,9.0,20.1,246
2012-04-11,7.3,18.8,205
2012-04-12,13.4,35.1,178
2012-04-13,8.5,17.0,306
2012-04-14,6.6,16.8,278
2012-04-15,7.6,15.9,217
2012-04-16,12.1,26.2,222
2012-04-17,7.5,20.1,181
2012-04-18,9.3,21.3,220
2012-04-19,9.6,22.4,201
2012-04-20,9.4,20.4,317
2012-04-21,4.7,11.4,357
2012-04-22,6.2,11.6,331
2012-04-23,7.8,12.5,328
2012-04-24,9.9,20.4,206
2012-04-25,9.7,28.2,202
2012-04-26,13.0,34.0,222
2012-04-27,10.0,21.5,208
2012-04-28,4.1,10.3,222
2012-04-29,7.7,11.4,282
2012-04-30,12.7,29.8,233
2012-05-01,10.5,24.6,228
2012-05-02,5.7,15.7,186
2012-05-03,15.3,38.5,191
2012-05-04,8.2,20.4,243
2012-05-05,4.3,13.0,247
2012-05-06,7.4,17.2,4
2012-05-07,7.1,15.7,344
2012-05-08,10.9,22.8,323
2012-05-09,8.5,23.0,336
2012-05-10,8.0,19.7,6
2012-05-11,8.4,20.6,4
2012-05-12,6.5,16.1,357
2012-05-13,8.4,18.8,359
2012-05-14,8.1,14.5,291
2012-05-15,6.5,15.9,319
2012-05-16,9.1,19.5,325
2012-05-17,9.3,21.0,310
2012-05-18,5.4,12.5,324
2012-05-19,4.8,11.0,301
2012-05-20,4.1,11.2,214
2012-05-21,10.8,32.2,205
2012-05-22,15.0,38.9,208
2012-05-23,10.9,24.8,227
2012-05-24,4.9,15.2,243
2012-05-25,7.5,19.7,338
2012-05-26,7.3,17.4,246
2012-05-27,8.0,17.9,223
2012-05-28,6.0,17.0,258
2012-05-29,4.7,11.2,328
2012-05-30,4.5,9.8,278
2012-05-31,4.4,13.6,273
2012-06-01,8.5,19.0,249
2012-06-02,8.2,20.6,268
2012-06-03,4.8,11.0,12
2012-06-04,9.6,25.1,302
2012-06-05,10.1,25.9,241
2012-06-06,7.8,20.1,209
2012-06-07,11.1,30.2,211
2012-06-08,9.8,28.0,207
2012-06-09,8.0,21.9,260
2012-06-10,4.7,10.5,325
2012-06-11,5.4,13.6,310
2012-06-12,8.3,17.9,241
2012-06-13,7.3,16.6,325
2012-06-14,6.7,18.1,347
2012-06-15,6.2,13.4,345
2012-06-16,7.7,17.2,294
2012-06-17,10.0,23.5,262
2012-06-18,9.0,23.3,271
2012-06-19,6.7,15.7,214
2012-06-20,7.7,17.0,328
2012-06-21,8.4,21.0,289
2012-06-22,5.8,17.9,204
2012-06-23,7.3,17.4,231
2012-06-24,6.5,17.2,288
2012-06-25,7.7,20.4,301
2012-06-26,8.4,21.3,218
2012-06-27,4.3,14.1,345
2012-06-28,9.0,23.3,224
2012-06-29,6.2,13.2,206
2012-06-30,6.0,16.1,252
2012-07-01,6.2,13.0,328
2012-07-02,9.4,23.5,273
2012-07-03,10.3,23.5,253
2012-07-04,7.0,15.2,347
2012-07-05,7.1,15.2,329
2012-07-06,7.9,16.6,324
2012-07-07,7.3,19.5,345
2012-07-08,8.5,19.2,333
2012-07-09,9.5,23.7,325
2012-07-10,8.8,21.7,352
2012-07-11,7.7,20.1,345
2012-07-12,8.7,22.8,303
2012-07-13,7.0,17.7,319
2012-07-14,7.8,18.3,286
2012-07-15,9.0,24.2,275
2012-07-16,4.5,13.6,358
2012-07-17,8.9,22.6,257
2012-07-18,5.6,13.9,237
2012-07-19,6.3,16.8,309
2012-07-20,10.5,24.8,222
2012-07-21,7.3,16.8,315
2012-07-22,8.1,18.8,298
2012-07-23,10.9,25.1,2
2012-07-24,7.7,19.5,356
2012-07-25,7.4,15.7,317
2012-07-26,8.8,20.1,276
2012-07-27,6.2,14.8,290
2012-07-28,7.3,18.3,338
2012-07-29,6.7,17.9,317
2012-07-30,7.8,18.3,337
2012-07-31,7.6,17.9,346
2012-08-01,8.0,20.6,339
2012-08-02,8.8,24.4,347
2012-08-03,11.7,26.4,8
2012-08-04,8.3,19.2,6
2012-08-05,8.1,19.2,231
2012-08-06,8.5,19.5,252
2012-08-07,7.1,18.8,272
2012-08-08,7.0,15.7,283
2012-08-09,7.9,18.6,344
2012-08-10,7.5,18.8,344
2012-08-11,9.5,23.0,360
2012-08-12,8.9,20.4,346
2012-08-13,9.6,22.4,343
2012-08-14,9.2,21.9,345
2012-08-15,7.3,19.2,1
2012-08-16,7.0,14.1,256
2012-08-17,9.5,21.3,277
2012-08-18,6.6,15.9,284
2012-08-19,6.8,15.2,267
2012-08-20,7.1,15.2,330
2012-08-21,8.7,22.1,325
2012-08-22,7.8,18.1,355
2012-08-23,9.2,20.8,336
2012-08-24,10.1,23.3,9
2012-08-25,8.7,19.7,286
2012-08-26,9.0,25.7,219
2012-08-27,6.5,17.9,225
2012-08-28,9.6,25.5,243
2012-08-29,5.4,12.5,274
2012-08-30,7.9,17.9,347
2012-08-31,7.8,17.2,333
2012-09-01,6.9,15.2,339
2012-09-02,6.5,15.0,353
2012-09-03,7.9,21.0,354
2012-09-04,8.8,22.1,354
2012-09-05,7.3,15.0,338
2012-09-06,6.0,14.5,359
2012-09-07,5.7,17.2,352
2012-09-08,8.0,18.1,238
2012-09-09,8.2,17.9,224
2012-09-10,8.8,19.7,327
2012-09-11,10.6,25.5,6
2012-09-12,11.6,28.0,17
2012-09-13,6.5,16.1,354
2012-09-14,6.9,14.3,289
2012-09-15,8.3,17.9,335
2012-09-16,6.5,16.1,360
2012-09-17,5.9,13.6,351
2012-09-18,6.9,13.0,282
2012-09-19,4.9,11.4,301
2012-09-20,5.3,13.6,263
2012-09-21,5.6,14.5,311
2012-09-22,4.7,12.1,342
2012-09-23,5.1,13.6,4
2012-09-24,7.7,16.8,340
2012-09-25,7.1,14.1,348
2012-09-26,7.1,17.4,358
2012-09-27,6.1,14.8,356
2012-09-28,7.0,11.6,343
2012-09-29,8.0,17.7,348
2012-09-30,9.2,21.3,2
2012-10-01,9.2,21.9,357
2012-10-02,8.5,17.9,352
2012-10-03,14.7,33.8,29
2012-10-04,12.0,28.4,25
2012-10-05,10.4,24.6,41
2012-10-06,9.7,23.9,31
2012-10-07,6.4,13.9,355
2012-10-08,5.1,13.2,243
2012-10-09,5.6,11.9,337
2012-10-10,6.5,11.0,327
2012-10-11,4.9,10.7,308
2012-10-12,8.0,17.7,197
2012-10-13,12.2,26.2,197
2012-10-14,12.8,31.8,198
2012-10-15,13.8,45.9,199
2012-10-16,10.6,24.4,269
2012-10-17,6.0,16.1,2
2012-10-18,5.5,11.6,320
2012-10-19,10.7,25.9,205
2012-10-20,8.4,28.2,220
2012-10-21,6.9,20.4,170
2012-10-22,12.1,30.4,184
2012-10-23,10.7,27.5,182
2012-10-24,8.3,25.5,182
2012-10-25,5.3,14.8,165
2012-10-26,9.5,23.9,199
2012-10-27,13.1,29.5,189
2012-10-28,11.4,36.7,195
2012-10-29,13.3,35.3,201
2012-10-30,9.6,26.2,184
2012-10-31,12.5,26.4,161
2012-11-01,13.2,37.1,188
2012-11-02,4.8,18.1,127
2012-11-03,11.0,23.9,192
2012-11-04,9.6,21.0,199
2012-11-05,5.7,13.9,351
2012-11-06,5.4,14.3,270
2012-11-07,4.7,11.6,240
2012-11-08,3.4,10.3,291
2012-11-09,3.4,10.5,210
2012-11-10,5.2,12.8,173
2012-11-11,13.2,26.4,174
2012-11-12,13.4,33.3,188
2012-11-13,4.2,12.8,175
2012-11-14,6.1,11.9,342
2012-11-15,5.9,12.1,352
2012-11-16,5.2,8.9,155
2012-11-17,13.0,28.4,180
2012-11-18,18.8,53.0,181
2012-11-19,20.4,63.1,195
2012-11-20,14.8,40.5,177
2012-11-21,14.2,39.6,207
2012-11-22,4.1,7.6,58
2012-11-23,10.4,25.1,184
2012-11-24,6.9,14.3,319
2012-11-25,9.2,19.9,4
2012-11-26,6.8,15.2,9
2012-11-27,5.4,13.6,350
2012-11-28,6.2,22.6,29
2012-11-29,12.7,27.3,154
2012-11-30,15.7,43.2,180
2012-12-01,15.8,42.3,184
2012-12-02,14.5,36.0,202
2012-12-03,13.0,34.7,185
2012-12-04,18.0,50.1,206
2012-12-05,7.0,17.4,220
2012-12-06,10.4,24.2,206
2012-12-07,10.3,26.4,218
2012-12-08,4.8,13.4,214
2012-12-09,6.5,14.3,180
2012-12-10,5.0,10.5,246
2012-12-11,12.7,34.9,198
2012-12-12,6.5,16.3,195
2012-12-13,4.4,11.9,189
2012-12-14,6.1,18.8,197
2012-12-15,12.3,40.9,180
2012-12-16,18.7,54.8,191
2012-12-17,20.4,49.9,229
2012-12-18,9.4,20.1,191
2012-12-19,17.7,53.2,184
2012-12-20,17.3,51.0,184
2012-12-21,5.6,15.2,129
2012-12-22,13.7,37.6,177
2012-12-23,11.0,24.2,186
2012-12-24,7.9,17.4,185
2012-12-25,7.7,13.6,91
2012-12-26,6.3,15.4,200
2012-12-27,7.1,16.8,191
2012-12-28,4.2,9.4,34
2012-12-29,3.5,6.9,14
2012-12-30,4.7,10.5,10
2012-12-31,4.5,9.4,14
2013-01-01,6.7,15.4,7
2013-01-02,7.2,16.6,9
2013-01-03,6.1,13.4,17
2013-01-04,7.2,15.7,218
2013-01-05,4.4,8.7,360
2013-01-06,11.7,20.8,199
2013-01-07,13.3,28.9,204
2013-01-08,14.0,31.1,196
2013-01-09,14.0,34.4,214
2013-01-10,5.0,15.0,214
2013-01-11,4.3,11.9,1
2013-01-12,5.1,10.1,27
2013-01-13,4.5,11.2,356
2013-01-14,3.6,9.6,239
2013-01-15,5.9,13.6,359
2013-01-16,6.0,10.7,346
2013-01-17,5.5,10.7,347
2013-01-18,4.8,7.6,327
2013-01-19,5.3,8.1,313
2013-01-20,6.7,11.6,346
2013-01-21,5.7,9.4,351
2013-01-22,5.6,11.6,354
2013-01-23,5.1,8.9,330
2013-01-24,6.2,13.2,174
2013-01-25,6.4,13.4,200
2013-01-26,9.5,25.5,198
2013-01-27,9.5,20.8,202
2013-01-28,8.2,17.9,227
2013-01-29,7.4,15.2,216
2013-01-30,8.8,18.6,200
2013-01-31,5.0,11.2,212
2013-02-01,6.7,17.2,357
2013-02-02,5.6,10.7,335
2013-02-03,3.8,9.6,216
2013-02-04,6.3,15.2,240
2013-02-05,11.3,30.9,195
2013-02-06,12.9,33.6,184
2013-02-07,13.4,28.4,193
2013-02-08,8.1,20.1,334
2013-02-09,4.7,9.2,235
2013-02-10,3.7,10.5,2
2013-02-11,5.8,12.1,219
2013-02-12,7.1,16.8,212
2013-02-13,7.3,15.2,227
2013-02-14,4.9,12.1,342
2013-02-15,6.5,17.2,353
2013-02-16,7.7,22.8,245
2013-02-17,3.7,11.6,210
2013-02-18,7.9,19.2,196
2013-02-19,8.1,19.2,354
2013-02-20,8.6,19.2,225
2013-02-21,11.1,25.1,204
2013-02-22,16.6,36.0,210
2013-02-23,8.6,26.2,242
2013-02-24,8.1,19.7,191
2013-02-25,12.8,32.4,225
2013-02-26,5.5,15.4,189
2013-02-27,8.1,15.7,181
2013-02-28,10.5,22.8,195
2013-03-01,9.9,21.0,206
2013-03-02,8.6,19.5,260
2013-03-03,6.6,16.3,13
2013-03-04,6.5,15.4,15
2013-03-05,7.4,17.7,131
2013-03-06,12.1,28.4,196
2013-03-07,8.8,19.2,186
2013-03-08,6.2,14.5,353
2013-03-09,5.5,11.6,299
2013-03-10,5.1,9.2,318
2013-03-11,3.4,9.8,252
2013-03-12,7.5,18.3,218
2013-03-13,4.6,8.3,232
2013-03-14,9.7,23.3,215
2013-03-15,7.1,17.7,216
2013-03-16,12.0,26.4,230
2013-03-17,8.5,21.5,248
2013-03-18,6.5,15.0,195
2013-03-19,7.1,29.8,36
2013-03-20,17.7,50.8,225
2013-03-21,9.8,27.5,235
2013-03-22,7.0,19.9,269
2013-03-23,4.6,11.4,16
2013-03-24,5.0,13.4,358
2013-03-25,4.5,14.1,333
2013-03-26,4.3,9.2,215
2013-03-27,4.5,16.1,304
2013-03-28,4.5,11.2,303
2013-03-29,4.7,12.3,9
2013-03-30,7.1,18.3,5
2013-03-31,8.9,21.0,234
2013-04-01,6.8,16.3,228
2013-04-02,6.7,15.9,234
2013-04-03,5.1,9.8,357
2013-04-04,13.7,40.9,200
2013-04-05,14.3,35.6,197
2013-04-06,16.0,45.2,200
2013-04-07,19.6,51.9,222
2013-04-08,5.8,17.4,261
2013-04-09,3.6,9.8,195
2013-04-10,15.8,32.0,241
2013-04-11,5.8,11.6,325
2013-04-12,10.6,20.8,247
2013-04-13,12.6,31.5,247
2013-04-14,5.3,14.1,221
2013-04-15,6.4,20.1,302
2013-04-16,4.7,20.8,314
2013-04-17,6.7,13.4,279
2013-04-18,5.8,13.0,264
2013-04-19,12.3,24.8,226
2013-04-20,5.9,15.9,258
2013-04-21,6.5,13.9,275
2013-04-22,9.9,24.2,15
2013-04-23,7.5,17.7,3
2013-04-24,9.7,22.6,7
2013-04-25,6.5,13.6,322
2013-04-26,5.4,12.3,341
2013-04-27,7.4,20.6,262
2013-04-28,8.9,21.9,236
2013-04-29,10.5,23.5,280
2013-04-30,7.1,17.7,318
2013-05-01,8.6,20.8,6
2013-05-02,8.8,18.8,0
2013-05-03,9.0,21.7,358
2013-05-04,13.3,31.1,20
2013-05-05,12.8,29.3,26
2013-05-06,7.2,14.5,260
2013-05-07,7.5,16.6,236
2013-05-08,5.1,12.5,280
2013-05-09,6.0,14.3,347
2013-05-10,7.4,15.0,296
2013-05-11,6.8,11.9,259
2013-05-12,7.5,19.9,221
2013-05-13,15.2,43.8,227
2013-05-14,5.3,13.2,304
2013-05-15,6.8,18.8,218
2013-05-16,8.7,23.3,203
2013-05-17,7.4,21.0,231
2013-05-18,8.4,20.4,192
2013-05-19,6.4,16.8,339
2013-05-20,7.0,15.0,320
2013-05-21,11.6,21.7,235
2013-05-22,10.9,28.6,196
2013-05-23,11.2,25.1,182
2013-05-24,9.5,23.3,202
2013-05-25,7.4,17.4,210
2013-05-26,9.8,26.8,200
2013-05-27,12.3,30.4,185
2013-05-28,11.3,26.2,208
2013-05-29,12.9,31.5,226
2013-05-30,7.0,21.5,220
2013-05-31,4.8,15.0,360
2013-06-01,6.6,13.6,307
2013-06-02,7.0,16.8,337
2013-06-03,7.0,15.9,352
2013-06-04,6.8,16.3,352
2013-06-05,8.0,16.3,341
2013-06-06,8.3,15.4,339
2013-06-07,9.0,20.4,313
2013-06-08,7.8,16.3,357
2013-06-09,10.0,22.8,350
2013-06-10,8.7,20.4,337
2013-06-11,8.4,21.7,260
2013-06-12,7.2,20.1,254
2013-06-13,6.3,19.0,229
2013-06-14,8.2,19.9,20
2013-06-15,8.4,17.2,287
2013-06-16,6.3,15.7,251
2013-06-17,10.4,23.3,229
2013-06-18,9.6,27.5,216
2013-06-19,9.3,25.7,223
2013-06-20,7.1,19.9,233
2013-06-21,4.0,11.0,357
2013-06-22,4.5,12.8,304
2013-06-23,7.3,17.2,213
2013-06-24,10.7,22.1,191
2013-06-25,9.5,32.4,180
2013-06-26,8.7,25.1,178
2013-06-27,8.9,21.0,253
2013-06-28,7.6,15.0,290
2013-06-29,6.2,12.3,316
2013-06-30,9.2,21.9,315
2013-07-01,8.3,19.5,308
2013-07-02,10.5,23.3,340
2013-07-03,9.9,23.5,338
2013-07-04,11.2,25.5,341
2013-07-05,7.9,21.7,335
2013-07-06,7.7,20.8,347
2013-07-07,9.2,19.7,333
2013-07-08,8.1,18.6,355
2013-07-09,9.2,20.4,342
2013-07-10,11.1,24.8,341
2013-07-11,9.2,22.1,351
2013-07-12,8.8,21.7,336
2013-07-13,11.4,26.4,358
2013-07-14,10.4,24.4,346
2013-07-15,9.7,24.8,358
2013-07-16,9.6,23.5,300
2013-07-17,8.7,18.3,261
2013-07-18,9.4,20.4,347
2013-07-19,9.5,21.7,344
2013-07-20,8.6,19.9,346
2013-07-21,8.2,18.6,346
2013-07-22,8.1,19.7,354
2013-07-23,8.1,19.2,349
2013-07-24,8.1,18.1,346
2013-07-25,9.7,22.1,351
2013-07-26,11.3,25.5,340
2013-07-27,10.0,23.3,329
2013-07-28,8.0,18.6,326
2013-07-29,6.0,15.4,333
2013-07-30,6.0,15.2,327
2013-07-31,8.4,15.4,319
2013-08-01,7.1,16.3,251
2013-08-02,6.7,18.3,295
2013-08-03,7.8,18.6,1
2013-08-04,7.9,16.8,336
2013-08-05,7.6,16.6,338
2013-08-06,7.4,15.0,341
2013-08-07,8.3,19.7,294
2013-08-08,7.4,19.5,333
2013-08-09,6.0,13.9,330
2013-08-10,6.8,17.9,261
2013-08-11,6.0,14.8,272
2013-08-12,6.6,14.5,287
2013-08-13,5.7,11.9,323
2013-08-14,6.5,21.9,243
2013-08-15,5.0,15.7,264
2013-08-16,7.1,14.5,278
2013-08-17,7.5,19.5,285
2013-08-18,7.6,17.4,336
2013-08-19,10.1,24.2,337
2013-08-20,11.0,25.3,358
2013-08-21,8.2,19.2,356
2013-08-22,6.7,17.0,268
2013-08-23,6.8,17.9,236
2013-08-24,5.7,12.3,302
2013-08-25,5.3,12.5,314
2013-08-26,9.9,27.1,207
2013-08-27,6.6,18.6,260
2013-08-28,6.3,16.1,242
2013-08-29,10.3,32.0,204
2013-08-30,6.5,15.7,251
2013-08-31,6.5,13.9,319
2013-09-01,7.4,18.8,231
2013-09-02,7.7,21.9,218
2013-09-03,4.7,11.9,246
2013-09-04,4.5,13.0,281
2013-09-05,7.9,19.2,280
2013-09-06,10.0,22.6,221
2013-09-07,6.2,16.6,3
2013-09-08,8.0,21.3,360
2013-09-09,9.0,21.0,358
2013-09-10,7.9,20.8,6
2013-09-11,7.9,16.1,303
2013-09-12,6.1,12.5,277
2013-09-13,5.3,10.7,322
2013-09-14,4.7,14.1,347
2013-09-15,8.8,19.7,227
2013-09-16,7.7,17.9,228
2013-09-17,9.2,21.0,306
2013-09-18,6.6,15.0,146
2013-09-19,4.5,10.7,308
2013-09-20,12.5,22.8,207
2013-09-21,5.9,17.9,202
2013-09-22,16.0,47.0,195
2013-09-23,8.9,27.3,206
2013-09-24,7.5,19.2,214
2013-09-25,3.7,15.9,249
2013-09-26,4.1,15.4,268
2013-09-27,11.9,25.9,192
2013-09-28,19.7,60.6,195
2013-09-29,21.0,55.7,198
2013-09-30,13.6,38.0,211
2013-10-01,8.1,22.6,207
2013-10-02,5.9,15.4,202
2013-10-03,5.1,12.3,11
2013-10-04,5.0,11.6,352
2013-10-05,4.8,13.2,351
2013-10-06,7.7,19.7,215
2013-10-07,8.3,27.1,225
2013-10-08,6.6,21.0,238
2013-10-09,5.8,15.9,360
2013-10-10,4.7,11.6,255
2013-10-11,4.1,9.4,300
2013-10-12,4.6,12.8,358
2013-10-13,5.8,15.7,357
2013-10-14,8.0,19.7,3
2013-10-15,7.4,18.6,6
2013-10-16,5.0,10.5,356
2013-10-17,6.1,13.9,356
2013-10-18,7.4,17.9,359
2013-10-19,5.7,9.8,1
2013-10-20,6.2,10.5,351
2013-10-21,7.2,15.4,358
2013-10-22,5.6,12.5,349
2013-10-23,5.5,10.1,322
2013-10-24,5.2,8.9,315
2013-10-25,4.5,10.1,351
2013-10-26,5.9,12.8,353
2013-10-27,9.9,27.5,333
2013-10-28,9.5,23.5,15
2013-10-29,4.3,11.2,352
2013-10-30,4.2,12.5,212
2013-10-31,6.3,13.9,196
2013-11-01,3.5,8.9,341
2013-11-02,14.8,39.8,233
2013-11-03,8.2,22.6,218
2013-11-04,8.5,19.7,179
2013-11-05,9.9,21.9,189
2013-11-06,2.9,6.9,63
2013-11-07,14.7,40.3,214
2013-11-08,7.3,16.1,201
2013-11-09,4.0,9.8,353
2013-11-10,4.6,8.5,346
2013-11-11,6.2,16.6,8
2013-11-12,5.8,13.4,180
2013-11-13,4.1,9.4,313
2013-11-14,4.9,14.3,260
2013-11-15,14.3,30.9,216
2013-11-16,13.2,30.4,238
2013-11-17,11.6,28.0,195
2013-11-18,15.5,41.8,187
2013-11-19,13.3,35.1,249
2013-11-20,11.3,25.7,9
2013-11-21,11.0,25.3,13
2013-11-22,8.6,20.4,9
2013-11-23,7.2,18.3,5
2013-11-24,5.4,11.0,355
2013-11-25,4.3,7.8,343
2013-11-26,4.3,8.5,351
2013-11-27,6.1,12.5,353
2013-11-28,5.4,10.1,346
2013-11-29,3.9,7.4,301
2013-11-30,6.3,10.3,213
2013-12-01,16.8,38.5,216
2013-12-02,11.4,31.5,261
2013-12-03,10.0,19.5,47
2013-12-04,5.8,15.2,20
2013-12-05,4.5,9.6,4
2013-12-06,11.4,26.6,40
2013-12-07,10.8,25.3,30
2013-12-08,3.8,8.7,357
2013-12-09,2.3,6.9,212
2013-12-10,4.3,8.3,328
2013-12-11,4.7,9.8,347
2013-12-12,5.9,15.0,196
2013-12-13,6.2,12.8,209
2013-12-14,4.1,7.8,265
2013-12-15,3.4,6.0,234
2013-12-16,5.7,13.6,352
2013-12-17,5.4,9.2,300
2013-12-18,6.9,14.3,308
2013-12-19,5.9,12.8,338
2013-12-20,11.4,26.4,195
2013-12-21,7.6,16.1,218
2013-12-22,7.5,16.8,193
2013-12-23,10.5,21.9,218
2013-12-24,6.5,16.6,358
2013-12-25,6.0,10.5,338
2013-12-26,5.9,8.1,333
2013-12-27,4.9,8.1,305
2013-12-28,5.2,12.8,356
2013-12-29,5.5,9.6,352
2013-12-30,5.8,8.9,305
2013-12-31,4.1,8.3,305
2014-01-01,5.0,11.2,349
2014-01-02,6.4,13.4,229
2014-01-03,6.5,15.2,322
2014-01-04,7.7,16.6,358
2014-01-05,9.1,17.4,5
2014-01-06,5.6,10.5,339
2014-01-07,6.5,14.5,175
2014-01-08,15.1,41.6,203
2014-01-09,14.2,32.0,206
2014-01-10,15.5,32.7,199
2014-01-11,21.3,55.5,219
2014-01-12,14.2,30.4,214
2014-01-13,9.9,22.4,213
2014-01-14,4.9,10.7,356
2014-01-15,6.0,10.3,347
2014-01-16,6.0,11.2,351
2014-01-17,5.7,9.2,353
2014-01-18,5.6,8.5,336
2014-01-19,5.4,8.7,330
2014-01-20,5.9,15.4,356
2014-01-21,6.5,11.2,327
2014-01-22,7.9,14.8,353
2014-01-23,12.1,26.6,22
2014-01-24,10.3,21.3,11
2014-01-25,6.5,10.5,343
2014-01-26,6.2,9.2,342
2014-01-27,4.6,9.6,353
2014-01-28,4.5,9.2,350
2014-01-29,18.7,44.5,218
2014-01-30,8.3,20.4,220
2014-01-31,7.8,19.2,201
2014-02-01,6.3,14.5,199
2014-02-02,4.9,9.6,349
2014-02-03,3.7,13.2,250
2014-02-04,8.8,20.6,22
2014-02-05,11.8,26.4,46
2014-02-06,10.4,27.1,35
2014-02-07,9.6,19.0,10
2014-02-08,10.1,41.4,12
2014-02-09,4.0,8.9,20
2014-02-10,8.1,17.0,193
2014-02-11,13.5,28.9,187
2014-02-12,20.3,43.0,207
2014-02-13,14.4,35.8,205
2014-02-14,12.7,37.8,212
2014-02-15,21.2,55.7,190
2014-02-16,19.2,41.4,200
2014-02-17,19.0,51.9,209
2014-02-18,17.9,41.2,205
2014-02-19,10.3,28.2,214
2014-02-20,13.3,29.5,204
2014-02-21,6.2,14.3,293
2014-02-22,4.8,10.5,357
2014-02-23,5.4,13.4,227
2014-02-24,6.2,12.3,31
2014-02-25,9.5,24.8,16
2014-02-26,7.9,17.4,8
2014-02-27,6.8,15.2,354
2014-02-28,10.0,24.2,20
2014-03-01,5.4,12.5,30
2014-03-02,17.6,45.9,196
2014-03-03,13.9,32.9,205
2014-03-04,11.1,24.2,200
2014-03-05,17.4,45.0,189
2014-03-06,19.7,51.0,205
2014-03-07,7.2,18.1,180
2014-03-08,14.2,44.3,195
2014-03-09,13.3,28.6,214
2014-03-10,10.1,25.9,254
2014-03-11,7.2,19.9,10
2014-03-12,5.7,12.1,337
2014-03-13,5.4,13.0,281
2014-03-14,11.3,23.5,226
2014-03-15,11.0,23.7,217
2014-03-16,15.9,35.1,217
2014-03-17,10.7,25.5,288
2014-03-18,6.1,13.4,55
2014-03-19,10.5,24.8,266
2014-03-20,6.9,14.1,301
2014-03-21,7.8,20.4,355
2014-03-22,6.7,14.8,344
2014-03-23,5.3,12.1,3
2014-03-24,6.3,13.6,324
2014-03-25,16.7,52.1,189
2014-03-26,12.6,32.0,185
2014-03-27,13.9,29.5,198
2014-03-28,12.6,37.4,178
2014-03-29,14.9,38.7,196
2014-03-30,8.0,22.8,199
2014-03-31,5.2,15.2,26
2014-04-01,5.4,11.2,206
2014-04-02,5.3,14.5,233
2014-04-03,13.0,28.6,194
2014-04-04,7.7,22.8,206
2014-04-05,11.1,25.7,198
2014-04-06,8.6,21.0,224
2014-04-07,6.3,11.9,269
2014-04-08,7.9,16.3,257
2014-04-09,7.2,16.8,359
2014-04-10,7.5,14.3,355
2014-04-11,9.2,17.9,351
2014-04-12,6.8,17.2,358
2014-04-13,9.3,23.0,20
2014-04-14,10.1,21.3,304
2014-04-15,6.3,12.8,254
2014-04-16,9.4,21.0,204
2014-04-17,13.8,32.7,210
2014-04-18,6.2,16.1,75
2014-04-19,13.2,38.7,210
2014-04-20,6.1,16.3,204
2014-04-21,7.1,15.4,225
2014-04-22,11.6,35.6,213
2014-04-23,14.3,35.6,188
2014-04-24,16.2,45.0,211
2014-04-25,6.6,20.4,235
2014-04-26,13.4,35.6,197
2014-04-27,11.8,28.0,212
2014-04-28,4.7,14.3,143
2014-04-29,9.0,19.7,20
2014-04-30,10.5,21.9,22
2014-05-01,5.6,12.5,296
2014-05-02,9.1,20.6,239
2014-05-03,12.2,35.6,198
2014-05-04,13.0,36.0,203
2014-05-05,6.6,19.0,216
2014-05-06,6.7,18.1,270
2014-05-07,5.1,12.5,228
2014-05-08,9.5,27.5,205
2014-05-09,10.7,33.8,216
2014-05-10,6.9,17.9,236
2014-05-11,4.6,14.1,4
2014-05-12,7.5,19.2,12
2014-05-13,7.8,18.8,4
2014-05-14,8.1,19.7,4
2014-05-15,7.6,18.3,227
2014-05-16,6.5,17.4,228
2014-05-17,5.8,13.9,232
2014-05-18,8.9,23.5,204
2014-05-19,6.7,15.4,187
2014-05-20,9.5,19.5,336
2014-05-21,6.6,15.4,346
2014-05-22,5.9,13.9,352
2014-05-23,8.0,19.5,261
2014-05-24,5.7,11.6,344
2014-05-25,10.1,19.9,238
2014-05-26,10.8,23.5,249
2014-05-27,7.8,16.6,280
2014-05-28,7.7,23.5,231
2014-05-29,7.8,19.9,10
2014-05-30,8.4,18.8,343
2014-05-31,8.7,20.4,318
2014-06-01,7.1,17.2,345
2014-06-02,8.3,18.8,329
2014-06-03,5.2,13.4,277
2014-06-04,9.0,17.7,336
2014-06-05,8.5,18.6,347
2014-06-06,9.1,22.4,347
2014-06-07,8.7,22.8,343
2014-06-08,8.9,18.8,345
2014-06-09,8.8,23.0,342
2014-06-10,7.6,19.0,342
2014-06-11,7.0,16.1,334
2014-06-12,12.3,32.2,223
2014-06-13,10.5,26.2,249
2014-06-14,5.6,15.0,285
2014-06-15,6.8,19.2,269
2014-06-16,7.7,24.4,261
2014-06-17,4.4,16.1,260
2014-06-18,4.3,12.5,321
2014-06-19,10.8,27.1,250
2014-06-20,7.2,18.1,320
2014-06-21,6.7,15.9,356
2014-06-22,6.2,17.9,351
2014-06-23,10.0,22.4,287
2014-06-24,4.9,12.1,288
2014-06-25,5.3,12.5,318
2014-06-26,7.7,17.2,218
2014-06-27,12.4,29.5,210
2014-06-28,10.0,24.2,216
2014-06-29,7.2,14.8,321
2014-06-30,9.4,21.7,5
2014-07-01,9.8,21.9,334
2014-07-02,8.7,22.1,284
2014-07-03,7.9,18.8,330
2014-07-04,5.7,14.3,335
2014-07-05,6.6,13.9,319
2014-07-06,8.2,19.0,323
2014-07-07,9.8,24.2,348
2014-07-08,9.4,23.5,343
2014-07-09,10.1,23.0,335
2014-07-10,6.9,15.0,342
2014-07-11,6.3,13.4,300
2014-07-12,6.9,15.7,314
2014-07-13,6.1,19.2,288
2014-07-14,8.6,17.2,330
2014-07-15,9.9,23.9,354
2014-07-16,8.5,20.6,321
2014-07-17,10.0,22.8,315
2014-07-18,8.4,21.3,340
2014-07-19,9.1,23.0,316
2014-07-20,8.3,21.7,323
2014-07-21,5.9,14.5,341
2014-07-22,5.2,16.1,218
2014-07-23,10.0,28.2,211
2014-07-24,10.9,22.8,220
2014-07-25,6.6,14.3,354
2014-07-26,8.0,18.8,351
2014-07-27,7.4,19.2,356
2014-07-28,7.8,19.0,345
2014-07-29,8.5,20.6,337
2014-07-30,9.6,22.8,349
2014-07-31,10.0,24.4,346
2014-08-01,8.5,20.8,335
2014-08-02,8.5,16.8,308
2014-08-03,7.1,19.5,339
2014-08-04,10.7,22.6,322
2014-08-05,8.3,19.7,327
2014-08-06,7.9,20.8,340
2014-08-07,9.7,22.8,336
2014-08-08,8.0,21.7,343
2014-08-09,9.2,23.0,354
2014-08-10,9.0,21.7,356
2014-08-11,7.6,15.0,302
2014-08-12,7.6,18.6,246
2014-08-13,8.5,23.0,266
2014-08-14,5.4,14.3,221
2014-08-15,6.0,12.1,279
2014-08-16,6.9,16.1,352
2014-08-17,9.4,22.6,350
2014-08-18,8.5,17.4,344
2014-08-19,10.6,26.2,306
2014-08-20,7.4,19.9,319
2014-08-21,6.0,15.4,315
2014-08-22,8.0,18.3,338
2014-08-23,8.2,22.8,3
2014-08-24,8.8,20.1,339
2014-08-25,7.9,20.4,5
2014-08-26,6.4,14.3,344
2014-08-27,9.3,19.2,321
2014-08-28,7.4,18.8,342
2014-08-29,5.0,17.0,300
2014-08-30,10.7,25.7,237
2014-08-31,6.0,14.1,264
2014-09-01,6.5,14.5,346
2014-09-02,11.5,27.7,313
2014-09-03,5.6,16.6,331
2014-09-04,11.2,27.5,14
2014-09-05,10.7,26.2,33
2014-09-06,7.5,17.4,350
2014-09-07,7.5,15.4,298
2014-09-08,8.7,19.0,331
2014-09-09,5.6,12.3,320
2014-09-10,9.6,20.8,5
2014-09-11,14.3,33.3,48
2014-09-12,10.0,21.7,15
2014-09-13,6.0,15.9,1
2014-09-14,4.8,13.6,354
2014-09-15,6.7,15.0,309
2014-09-16,5.0,12.1,246
2014-09-17,6.4,14.1,308
2014-09-18,4.6,11.4,267
2014-09-19,8.1,18.6,351
2014-09-20,7.4,19.7,14
2014-09-21,8.8,20.4,234
2014-09-22,5.2,15.9,200
2014-09-23,6.2,34.9,148
2014-09-24,9.4,28.4,171
2014-09-25,10.7,29.3,182
2014-09-26,10.0,23.5,203
2014-09-27,7.2,17.7,357
2014-09-28,5.8,13.9,345
2014-09-29,9.8,22.1,224
2014-09-30,6.1,19.7,246
2014-10-01,5.2,12.1,349
2014-10-02,6.1,15.4,4
2014-10-03,5.9,14.3,359
2014-10-04,5.8,11.2,359
2014-10-05,6.5,13.4,4
2014-10-06,5.5,14.8,2
2014-10-07,5.4,9.6,353
2014-10-08,5.5,9.8,345
2014-10-09,4.7,8.9,343
2014-10-10,4.4,13.9,240
2014-10-11,10.3,27.1,236
2014-10-12,5.4,13.0,111
2014-10-13,11.2,28.0,205
2014-10-14,8.4,19.9,165
2014-10-15,15.6,38.0,193
2014-10-16,7.5,17.7,119
2014-10-17,7.4,29.3,145
2014-10-18,7.6,20.4,165
2014-10-19,11.1,23.9,198
2014-10-20,8.3,24.6,190
2014-10-21,12.1,33.3,181
2014-10-22,13.2,46.3,189
2014-10-23,8.5,28.4,198
2014-10-24,8.1,16.6,27
2014-10-25,22.1,53.2,203
2014-10-26,10.7,25.5,207
2014-10-27,6.0,14.5,161
2014-10-28,10.8,33.8,180
2014-10-29,10.1,23.5,178
2014-10-30,5.9,21.7,121
2014-10-31,7.7,23.3,266
2014-11-01,3.9,10.5,282
2014-11-02,11.9,25.5,190
2014-11-03,10.3,22.6,185
2014-11-04,12.3,25.5,196
2014-11-05,3.6,8.3,30
2014-11-06,13.2,34.2,213
2014-11-07,7.5,17.9,359
2014-11-08,4.9,10.1,341
2014-11-09,10.1,21.7,226
2014-11-10,10.3,20.8,21
2014-11-11,16.0,35.8,53
2014-11-12,13.7,27.7,54
2014-11-13,9.8,21.3,27
2014-11-14,6.7,15.9,8
2014-11-15,11.3,25.3,36
2014-11-16,7.6,18.3,12
2014-11-17,6.7,16.1,7
2014-11-18,5.3,11.4,356
2014-11-19,5.9,16.6,5
2014-11-20,4.9,12.5,120
2014-11-21,19.0,53.2,189
2014-11-22,11.1,27.3,226
2014-11-23,12.3,33.6,198
2014-11-24,11.4,24.8,188
2014-11-25,10.9,26.2,203
2014-11-26,7.7,29.3,186
2014-11-27,13.2,28.6,192
2014-11-28,14.8,40.7,204
2014-11-29,7.8,22.6,269
2014-11-30,11.6,26.8,23
2014-12-01,5.9,14.3,1
2014-12-02,11.9,27.1,11
2014-12-03,8.7,18.8,12
2014-12-04,5.0,21.7,7
2014-12-05,6.5,21.5,9
2014-12-06,12.7,29.1,175
2014-12-07,4.8,12.1,10
2014-12-08,6.2,23.0,56
2014-12-09,15.0,44.5,179
2014-12-10,17.5,31.1,182
2014-12-11,23.8,55.5,179
2014-12-12,6.9,19.7,207
2014-12-13,4.0,7.8,193
2014-12-14,8.2,18.1,37
2014-12-15,5.4,19.5,24
2014-12-16,6.5,13.6,23
2014-12-17,9.1,20.1,126
2014-12-18,9.3,36.7,167
2014-12-19,9.2,23.9,181
2014-12-20,16.5,47.0,189
2014-12-21,16.4,40.9,233
2014-12-22,4.6,9.8,269
2014-12-23,8.2,21.5,188
2014-12-24,11.0,26.6,307
2014-12-25,4.2,15.4,239
2014-12-26,3.7,10.3,166
2014-12-27,10.0,19.9,202
2014-12-28,8.9,23.0,229
2014-12-29,11.9,28.0,37
2014-12-30,11.4,26.2,36
2014-12-31,8.7,19.7,11
2015-01-01,7.4,17.2,4
2015-01-02,4.7,8.9,278
2015-01-03,3.0,7.8,345
2015-01-04,13.9,29.3,190
2015-01-05,14.4,30.2,192
2015-01-06,4.9,7.8,344
2015-01-07,5.4,10.5,351
2015-01-08,6.2,15.0,356
2015-01-09,5.1,10.3,354
2015-01-10,4.3,6.9,310
2015-01-11,2.7,6.0,104
2015-01-12,3.6,7.8,20
2015-01-13,7.2,17.2,5
2015-01-14,7.2,15.7,6
2015-01-15,6.8,16.6,13
2015-01-16,7.3,28.2,232
2015-01-17,17.4,49.4,174
2015-01-18,19.1,51.0,213
2015-01-19,6.1,13.6,206
2015-01-20,7.1,16.3,1
2015-01-21,5.1,12.5,355
2015-01-22,5.2,8.3,343
2015-01-23,4.8,11.4,223
2015-01-24,4.6,10.7,246
2015-01-25,5.3,10.3,343
2015-01-26,4.4,10.7,279
2015-01-27,4.0,11.0,223
2015-01-28,4.7,10.1,3
2015-01-29,6.3,15.2,357
2015-01-30,5.9,15.0,357
2015-01-31,5.7,13.2,354
2015-02-01,6.0,14.8,201
2015-02-02,11.3,29.5,205
2015-02-03,4.6,9.8,355
2015-02-04,3.9,10.1,27
2015-02-05,10.4,33.6,172
2015-02-06,14.9,30.2,186
2015-02-07,16.4,47.4,193
2015-02-08,9.4,23.0,47
2015-02-09,18.6,40.3,183
2015-02-10,11.6,26.2,213
2015-02-11,4.1,8.7,340
2015-02-12,4.4,8.3,346
2015-02-13,5.0,9.2,296
2015-02-14,7.5,16.6,351
2015-02-15,9.9,23.0,11
2015-02-16,11.3,26.6,25
2015-02-17,7.8,17.0,8
2015-02-18,6.7,15.9,205
2015-02-19,5.0,8.7,294
2015-02-20,4.8,7.8,318
2015-02-21,9.7,23.0,18
2015-02-22,11.6,26.6,24
2015-02-23,8.7,18.1,10
2015-02-24,7.4,12.8,299
2015-02-25,4.9,11.6,218
2015-02-26,7.2,19.7,192
2015-02-27,8.3,15.4,194
2015-02-28,11.8,27.5,16
2015-03-01,5.3,10.7,326
2015-03-02,6.2,15.7,355
2015-03-03,6.8,14.3,359
2015-03-04,6.0,12.3,352
2015-03-05,5.7,9.8,355
2015-03-06,5.7,7.8,357
2015-03-07,6.6,13.0,352
2015-03-08,6.2,12.1,342
2015-03-09,5.6,9.2,297
2015-03-10,5.4,12.1,310
2015-03-11,8.4,27.5,187
2015-03-12,6.4,15.0,177
2015-03-13,6.3,12.5,296
2015-03-14,14.0,27.1,195
2015-03-15,24.4,52.6,195
2015-03-16,7.1,18.1,10
2015-03-17,8.8,21.3,226
2015-03-18,5.6,13.6,166
2015-03-19,3.6,11.4,222
2015-03-20,11.3,39.1,200
2015-03-21,11.6,27.5,201
2015-03-22,10.3,28.2,202
2015-03-23,13.2,39.1,181
2015-03-24,14.3,30.4,221
2015-03-25,9.7,22.6,185
2015-03-26,3.7,10.5,351
2015-03-27,10.5,23.0,237
2015-03-28,9.2,20.4,220
2015-03-29,4.4,9.8,271
2015-03-30,10.8,20.4,220
2015-03-31,11.5,26.8,233
2015-04-01,8.1,17.9,230
2015-04-02,3.6,15.0,211
2015-04-03,10.9,25.7,214
2015-04-04,4.0,13.4,197
2015-04-05,6.6,15.4,227
2015-04-06,8.5,21.3,180
2015-04-07,6.8,14.5,338
2015-04-08,5.1,15.9,208
2015-04-09,4.3,12.8,351
2015-04-10,11.8,26.4,216
2015-04-11,12.1,31.5,241
2015-04-12,4.9,14.3,173
2015-04-13,11.3,25.5,224
2015-04-14,9.2,25.3,232
2015-04-15,7.4,14.8,7
2015-04-16,8.1,18.6,1
2015-04-17,9.4,17.7,341
2015-04-18,9.6,20.6,357
2015-04-19,7.4,16.6,356
2015-04-20,7.3,14.8,332
2015-04-21,11.9,25.1,325
2015-04-22,7.3,15.2,335
2015-04-23,11.3,24.6,205
2015-04-24,10.0,26.2,203
2015-04-25,4.8,16.6,256
2015-04-26,6.3,14.5,194
2015-04-27,5.6,16.8,9
2015-04-28,8.9,20.1,266
2015-04-29,5.7,12.5,272
2015-04-30,7.1,16.3,4
2015-05-01,8.8,19.9,345
2015-05-02,7.8,17.9,351
2015-05-03,6.9,15.2,333
2015-05-04,9.8,21.9,252
2015-05-05,8.2,22.8,238
2015-05-06,8.4,22.4,338
2015-05-07,8.5,21.7,351
2015-05-08,6.4,18.6,359
2015-05-09,7.2,12.8,318
2015-05-10,9.8,23.3,295
2015-05-11,7.1,15.2,333
2015-05-12,7.8,18.8,190
2015-05-13,7.8,17.4,208
2015-05-14,7.6,14.8,341
2015-05-15,6.7,14.3,296
2015-05-16,4.7,11.6,287
2015-05-17,5.7,12.8,344
2015-05-18,7.5,15.9,312
2015-05-19,4.1,12.3,310
2015-05-20,4.4,15.0,354
2015-05-21,6.4,13.2,242
2015-05-22,5.4,13.2,243
2015-05-23,4.6,13.0,275
2015-05-24,6.4,15.2,332
2015-05-25,6.6,14.1,326
2015-05-26,6.1,15.4,343
2015-05-27,5.4,15.4,349
2015-05-28,7.1,14.1,324
2015-05-29,8.3,17.2,297
2015-05-30,6.2,13.4,323
2015-05-31,7.7,13.2,324
2015-06-01,8.7,22.1,214
2015-06-02,8.1,18.1,205
2015-06-03,7.1,17.2,286
2015-06-04,8.6,20.1,355
2015-06-05,11.0,24.4,355
2015-06-06,9.4,21.9,349
2015-06-07,8.1,20.6,349
2015-06-08,10.5,24.4,353
2015-06-09,10.7,24.2,337
2015-06-10,9.2,22.4,317
2015-06-11,10.1,25.7,340
2015-06-12,10.3,23.7,347
2015-06-13,8.5,20.6,349
2015-06-14,10.6,22.1,354
2015-06-15,10.7,25.9,300
2015-06-16,9.2,20.4,336
2015-06-17,7.0,17.0,351
2015-06-18,10.4,25.7,296
2015-06-19,7.8,15.0,332
2015-06-20,7.9,19.0,359
2015-06-21,9.6,24.8,291
2015-06-22,6.3,19.0,283
2015-06-23,6.2,14.3,326
2015-06-24,6.4,15.0,318
2015-06-25,9.3,23.3,345
2015-06-26,11.9,26.2,352
2015-06-27,7.7,16.8,334
2015-06-28,7.8,21.0,299
2015-06-29,8.2,20.8,295
2015-06-30,10.4,23.7,347
2015-07-01,7.8,18.3,349
2015-07-02,9.7,20.8,344
2015-07-03,9.5,21.5,315
2015-07-04,6.9,15.4,297
2015-07-05,8.7,20.4,232
2015-07-06,8.5,21.7,254
2015-07-07,7.4,17.2,293
2015-07-08,8.8,19.9,292
2015-07-09,9.8,23.3,252
2015-07-10,7.6,21.0,225
2015-07-11,8.4,21.9,215
2015-07-12,7.6,20.4,248
2015-07-13,8.4,21.0,323
2015-07-14,10.4,25.1,337
2015-07-15,9.9,25.1,329
2015-07-16,10.5,24.4,332
2015-07-17,10.8,26.6,1
2015-07-18,8.2,20.4,6
2015-07-19,9.2,22.1,258
2015-07-20,8.5,19.5,292
2015-07-21,9.6,23.5,337
2015-07-22,6.8,17.2,338
2015-07-23,7.3,19.9,307
2015-07-24,8.4,20.1,276
2015-07-25,6.5,17.0,241
2015-07-26,7.6,19.5,292
2015-07-27,8.0,20.1,338
2015-07-28,11.2,25.7,6
2015-07-29,8.9,22.6,6
2015-07-30,7.8,16.6,351
2015-07-31,8.7,19.7,352
2015-08-01,9.0,21.5,347
2015-08-02,7.4,20.6,327
2015-08-03,9.0,19.7,329
2015-08-04,10.5,24.6,338
2015-08-05,8.9,21.3,336
2015-08-06,7.6,19.9,1
2015-08-07,9.1,23.0,333
2015-08-08,9.9,25.3,238
2015-08-09,7.4,18.6,232
2015-08-10,7.3,22.4,241
2015-08-11,6.7,14.5,308
2015-08-12,8.2,22.4,228
2015-08-13,7.7,20.4,261
2015-08-14,12.1,32.2,224
2015-08-15,7.8,19.0,338
2015-08-16,10.3,23.9,358
2015-08-17,9.7,22.8,359
2015-08-18,8.1,18.6,360
2015-08-19,10.6,25.3,326
2015-08-20,10.1,23.0,313
2015-08-21,8.0,19.9,333
2015-08-22,9.8,25.5,14
2015-08-23,8.8,21.9,326
2015-08-24,8.3,18.6,338
2015-08-25,6.8,15.7,350
2015-08-26,8.3,20.8,279
2015-08-27,7.8,18.8,238
2015-08-28,5.4,12.5,244
2015-08-29,20.0,51.2,202
2015-08-30,12.2,33.6,218
2015-08-31,9.3,21.7,216
2015-09-01,9.4,21.9,226
2015-09-02,6.1,23.0,247
2015-09-03,4.9,17.2,265
2015-09-04,7.0,19.7,334
2015-09-05,5.7,16.6,256
2015-09-06,7.0,18.6,180
2015-09-07,6.2,17.4,8
2015-09-08,8.1,20.6,5
2015-09-09,8.1,20.4,357
2015-09-10,7.6,17.9,357
2015-09-11,7.5,15.0,346
2015-09-12,8.5,19.0,316
2015-09-13,10.5,24.8,330
2015-09-14,6.3,15.9,355
2015-09-15,7.8,20.1,201
2015-09-16,10.0,24.6,172
2015-09-17,9.8,23.9,205
2015-09-18,4.1,11.9,48
2015-09-19,4.5,11.6,292
2015-09-20,7.4,18.1,247
2015-09-21,8.7,20.4,353
2015-09-22,6.1,15.4,343
2015-09-23,5.6,16.3,267
2015-09-24,6.1,16.6,264
2015-09-25,7.9,19.2,352
2015-09-26,8.7,19.7,352
2015-09-27,11.2,23.9,1
2015-09-28,8.4,19.0,3
2015-09-29,5.9,11.0,303
2015-09-30,5.1,11.0,274
2015-10-01,7.0,14.1,338
2015-10-02,6.8,18.3,293
2015-10-03,10.6,26.2,3
2015-10-04,8.3,22.6,16
2015-10-05,6.0,14.3,12
2015-10-06,6.8,17.9,227
2015-10-07,4.3,13.9,289
2015-10-08,4.1,13.6,12
2015-10-09,7.4,17.4,191
2015-10-10,18.5,43.8,211
2015-10-11,5.3,13.9,171
2015-10-12,4.5,10.3,281
2015-10-13,7.4,16.3,354
2015-10-14,8.2,19.7,1
2015-10-15,5.7,15.0,355
2015-10-16,4.9,10.1,323
2015-10-17,6.9,18.8,233
2015-10-18,3.2,13.6,294
2015-10-19,9.5,20.1,209
2015-10-20,4.7,13.6,23
2015-10-21,6.7,13.0,336
2015-10-22,6.5,17.2,1
2015-10-23,5.9,14.1,357
2015-10-24,5.8,9.8,13
2015-10-25,13.8,31.3,189
2015-10-26,9.6,25.9,197
2015-10-27,4.3,9.2,7
2015-10-28,6.8,19.9,200
2015-10-29,7.8,18.6,203
2015-10-30,15.0,30.6,203
2015-10-31,17.7,45.9,214
2015-11-01,14.5,40.3,211
2015-11-02,6.8,14.8,227
2015-11-03,6.0,18.6,311
2015-11-04,3.5,11.0,197
2015-11-05,8.2,19.2,187
2015-11-06,5.1,12.8,166
2015-11-07,9.2,30.4,183
2015-11-08,6.8,18.8,199
2015-11-09,5.5,12.3,163
2015-11-10,9.3,18.3,200
2015-11-11,13.0,27.3,215
2015-11-12,13.6,28.6,185
2015-11-13,13.8,29.1,193
2015-11-14,14.6,32.2,186
2015-11-15,13.5,28.6,269
2015-11-16,16.3,33.3,186
2015-11-17,21.4,45.4,214
2015-11-18,5.2,15.7,210
2015-11-19,8.7,24.2,19
2015-11-20,10.2,23.5,15
2015-11-21,8.0,18.8,4
2015-11-22,5.7,13.6,353
2015-11-23,5.6,11.4,214
2015-11-24,9.2,21.5,346
2015-11-25,8.4,19.0,4
2015-11-26,10.2,22.8,13
2015-11-27,6.9,16.6,13
2015-11-28,6.8,17.0,13
2015-11-29,4.8,9.8,6
2015-11-30,4.5,8.3,4
2015-12-01,5.7,9.6,18
2015-12-02,5.9,21.9,8
2015-12-03,15.4,38.0,187
2015-12-04,10.6,22.8,187
2015-12-05,6.6,29.8,120
2015-12-06,15.2,43.0,185
2015-12-07,21.5,62.4,204
2015-12-08,20.0,45.6,201
2015-12-09,18.7,50.8,206
2015-12-10,17.5,50.6,192
2015-12-11,14.4,34.4,177
2015-12-12,17.7,42.5,195
2015-12-13,10.7,24.6,208
2015-12-14,6.5,19.2,204
2015-12-15,6.6,13.2,205
2015-12-16,7.9,17.4,167
2015-12-17,16.7,43.6,158
2015-12-18,18.2,49.9,200
2015-12-19,11.4,24.2,186
2015-12-20,14.3,37.1,192
2015-12-21,24.0,59.7,212
2015-12-22,12.4,28.0,223
2015-12-23,12.2,34.2,218
2015-12-24,8.1,17.9,197
2015-12-25,4.1,11.0,208
2015-12-26,4.3,8.7,77
2015-12-27,4.7,9.4,59
2015-12-28,3.6,8.5,182
2015-12-29,5.1,12.8,123
2015-12-30,6.5,14.5,15
2015-12-31,11.1,24.8,32
2016-01-01,12.0,27.3,41
2016-01-02,9.0,18.6,39
2016-01-03,6.8,14.5,18
2016-01-04,6.0,12.3,352
2016-01-05,5.8,11.6,12
2016-01-06,6.7,12.8,1
2016-01-07,3.8,8.1,7
2016-01-08,4.2,9.2,16
2016-01-09,4.3,7.6,30
2016-01-10,5.7,14.8,12
2016-01-11,4.6,13.2,42
2016-01-12,8.0,10.7,58
2016-01-13,11.2,25.9,234
2016-01-14,5.7,13.4,121
2016-01-15,8.1,17.7,168
2016-01-16,14.8,38.0,181
2016-01-17,8.6,25.9,158
2016-01-18,7.9,21.0,167
2016-01-19,14.9,28.9,189
2016-01-20,12.0,28.6,164
2016-01-21,4.7,20.4,42
2016-01-22,13.0,28.0,180
2016-01-23,5.8,18.3,250
2016-01-24,6.9,15.7,173
2016-01-25,4.3,8.9,79
2016-01-26,6.2,14.5,141
2016-01-27,9.3,20.8,165
2016-01-28,14.7,36.7,209
2016-01-29,13.1,34.0,210
2016-01-30,7.2,15.9,206
2016-01-31,4.5,12.5,208
2016-02-01,7.8,18.3,196
2016-02-02,8.2,21.7,149
2016-02-03,13.4,26.6,170
2016-02-04,12.6,35.8,190
2016-02-05,13.2,30.0,201
2016-02-06,6.5,13.2,5
2016-02-07,5.8,13.2,4
2016-02-08,8.7,20.1,5
2016-02-09,5.4,12.1,357
2016-02-10,4.7,13.4,202
2016-02-11,5.5,15.4,14
2016-02-12,7.3,17.2,199
2016-02-13,13.4,27.1,192
2016-02-14,12.3,27.1,196
2016-02-15,12.6,28.4,211
2016-02-16,9.1,20.1,192
2016-02-17,9.9,32.9,97
2016-02-18,12.8,31.5,188
2016-02-19,17.0,40.0,187
2016-02-20,8.2,18.3,159
2016-02-21,7.9,21.5,213
2016-02-22,5.0,10.1,209
2016-02-23,7.3,17.2,26
2016-02-24,3.5,6.7,350
2016-02-25,4.9,12.1,355
2016-02-26,3.6,21.0,41
2016-02-27,10.8,23.0,198
2016-02-28,16.5,45.9,211
2016-02-29,8.4,19.0,174
2016-03-01,17.9,48.5,207
2016-03-02,14.5,34.2,162
2016-03-03,10.8,31.1,192
2016-03-04,3.8,17.0,89
2016-03-05,14.8,34.9,166
2016-03-06,14.2,35.3,190
2016-03-07,16.2,34.0,206
2016-03-08,8.8,22.6,179
2016-03-09,17.9,36.5,166
2016-03-10,18.9,53.0,197
2016-03-11,9.1,24.2,329
2016-03-12,14.2,37.8,191
2016-03-13,18.7,49.0,194
2016-03-14,11.7,32.9,213
2016-03-15,7.1,15.4,178
2016-03-16,5.6,12.3,16
2016-03-17,10.8,26.8,26
2016-03-18,9.7,19.9,39
2016-03-19,5.6,9.8,327
2016-03-20,9.2,24.4,178
2016-03-21,13.9,31.5,186
2016-03-22,8.8,23.3,216
2016-03-23,12.6,28.0,194
2016-03-24,11.1,27.5,238
2016-03-25,4.8,13.6,190
2016-03-26,10.2,21.9,172
2016-03-27,10.1,25.7,240
2016-03-28,6.9,16.1,333
2016-03-29,8.0,17.4,351
2016-03-30,6.2,12.8,338
2016-03-31,5.5,10.3,267
2016-04-01,5.8,12.1,301
2016-04-02,5.4,12.3,274
2016-04-03,10.3,22.1,226
2016-04-04,10.9,29.3,232
2016-04-05,4.3,12.5,66
2016-04-06,8.5,17.0,2
2016-04-07,7.0,14.5,347
2016-04-08,7.6,15.0,335
2016-04-09,6.3,14.1,275
2016-04-10,5.7,12.8,277
2016-04-11,5.7,11.4,299
2016-04-12,11.0,26.6,204
2016-04-13,12.4,29.1,180
2016-04-14,14.8,38.9,187
2016-04-15,4.8,13.2,191
2016-04-16,5.6,11.2,11
2016-04-17,8.5,19.9,20
2016-04-18,4.6,11.2,341
2016-04-19,6.3,9.8,273
2016-04-20,7.9,19.2,227
2016-04-21,8.6,16.3,246
2016-04-22,8.1,23.0,232
2016-04-23,12.2,28.0,215
2016-04-24,8.3,21.3,256
2016-04-25,6.8,20.6,301
2016-04-26,4.7,15.7,247
2016-04-27,4.6,10.5,306
2016-04-28,5.1,12.5,291
2016-04-29,7.0,21.5,295
2016-04-30,7.8,19.7,359
2016-05-01,9.3,23.0,23
2016-05-02,8.2,18.1,274
2016-05-03,5.9,15.4,274
2016-05-04,9.0,21.7,351
2016-05-05,8.4,20.8,352
2016-05-06,10.3,25.3,358
2016-05-07,12.7,27.3,332
2016-05-08,10.5,24.8,307
2016-05-09,7.2,17.4,312
2016-05-10,7.6,19.5,14
2016-05-11,5.8,14.5,341
2016-05-12,5.4,13.2,256
2016-05-13,8.3,20.6,285
2016-05-14,6.8,20.1,227
2016-05-15,5.3,13.2,225
2016-05-16,4.9,13.2,353
2016-05-17,7.6,17.7,0
2016-05-18,11.4,27.3,307
2016-05-19,8.1,25.7,258
2016-05-20,4.0,13.9,296
2016-05-21,6.2,15.4,222
2016-05-22,9.2,25.7,205
2016-05-23,7.4,17.9,201
2016-05-24,6.2,14.5,323
2016-05-25,7.4,16.6,301
2016-05-26,6.6,17.7,290
2016-05-27,7.5,18.8,282
2016-05-28,7.0,19.9,265
2016-05-29,8.5,19.7,291
2016-05-30,7.9,19.7,5
2016-05-31,7.8,17.2,339
2016-06-01,8.2,21.0,293
2016-06-02,7.8,18.6,216
2016-06-03,8.4,20.1,10
2016-06-04,8.3,21.5,14
2016-06-05,9.7,21.3,289
2016-06-06,11.0,24.4,341
2016-06-07,7.0,16.6,344
2016-06-08,8.4,20.1,256
2016-06-09,6.6,16.8,243
2016-06-10,14.0,35.6,208
2016-06-11,7.1,15.9,306
2016-06-12,7.1,18.1,351
2016-06-13,10.5,25.9,254
2016-06-14,11.4,30.9,221
2016-06-15,6.4,21.9,219
2016-06-16,6.0,18.8,215
2016-06-17,7.4,21.0,341
2016-06-18,10.6,27.7,258
2016-06-19,9.2,24.2,6
2016-06-20,11.3,25.9,290
2016-06-21,7.9,21.9,346
2016-06-22,9.7,23.0,303
2016-06-23,9.2,19.2,206
2016-06-24,6.4,19.9,251
2016-06-25,10.0,22.1,6
2016-06-26,7.7,19.7,352
2016-06-27,11.5,24.8,313
2016-06-28,9.4,21.5,338
2016-06-29,10.2,25.5,336
2016-06-30,9.9,23.5,343
2016-07-01,7.4,17.7,347
2016-07-02,9.1,24.8,330
2016-07-03,9.3,22.1,341
2016-07-04,8.2,23.9,350
2016-07-05,6.4,20.1,346
2016-07-06,7.2,15.0,325
2016-07-07,6.4,21.0,223
2016-07-08,9.6,25.5,200
2016-07-09,13.2,30.2,204
2016-07-10,9.8,23.3,182
2016-07-11,5.4,12.8,309
2016-07-12,7.9,21.0,258
2016-07-13,8.1,20.8,351
2016-07-14,10.8,25.7,341
2016-07-15,7.7,21.5,330
2016-07-16,8.5,17.2,311
2016-07-17,5.0,13.9,307
2016-07-18,9.7,24.6,234
2016-07-19,6.4,17.9,238
2016-07-20,6.6,13.9,327
2016-07-21,11.7,28.0,282
2016-07-22,7.4,17.2,284
2016-07-23,9.8,22.1,355
2016-07-24,8.5,21.0,349
2016-07-25,10.2,22.1,317
2016-07-26,9.4,22.1,344
2016-07-27,10.1,23.7,349
2016-07-28,10.0,26.2,349
2016-07-29,10.8,26.2,333
2016-07-30,11.0,25.7,323
2016-07-31,8.4,21.7,346
2016-08-01,10.3,23.0,337
2016-08-02,8.9,21.0,291
2016-08-03,10.7,26.2,4
2016-08-04,11.2,26.2,352
2016-08-05,10.9,26.4,321
2016-08-06,6.3,16.6,334
2016-08-07,9.6,25.3,246
2016-08-08,3.8,11.0,261
2016-08-09,4.5,11.4,276
2016-08-10,7.6,21.0,358
2016-08-11,6.9,17.0,353
2016-08-12,7.3,15.9,329
2016-08-13,8.7,20.6,319
2016-08-14,10.8,24.4,341
2016-08-15,10.3,22.6,341
2016-08-16,9.9,21.5,343
2016-08-17,7.6,20.6,340
2016-08-18,11.0,25.9,1
2016-08-19,10.5,24.4,20
2016-08-20,8.1,21.9,318
2016-08-21,10.8,23.5,317
2016-08-22,7.7,20.4,360
2016-08-23,7.0,19.5,356
2016-08-24,10.0,22.6,8
2016-08-25,9.9,24.2,13
2016-08-26,7.2,15.0,346
2016-08-27,8.9,21.0,267
2016-08-28,6.6,15.2,323
2016-08-29,9.1,20.6,243
2016-08-30,6.1,18.3,216
2016-08-31,6.4,17.4,223
2016-09-01,9.9,18.3,210
2016-09-02,10.0,26.4,223
2016-09-03,6.7,16.3,312
2016-09-04,5.1,12.3,325
2016-09-05,4.6,10.3,318
2016-09-06,9.0,18.3,217
2016-09-07,5.5,12.3,312
2016-09-08,7.6,20.4,337
2016-09-09,10.3,25.1,8
2016-09-10,10.0,23.0,344
2016-09-11,7.7,18.6,329
2016-09-12,10.6,26.2,16
2016-09-13,10.5,25.9,21
2016-09-14,5.9,18.3,253
2016-09-15,6.5,15.0,334
2016-09-16,7.1,16.3,295
2016-09-17,7.8,19.5,205
2016-09-18,7.2,16.3,250
2016-09-19,7.1,18.6,246
2016-09-20,7.7,15.0,337
2016-09-21,7.6,16.6,342
2016-09-22,4.5,15.2,248
2016-09-23,10.0,22.8,194
2016-09-24,4.6,12.8,11
2016-09-25,7.7,19.2,7
2016-09-26,8.1,16.8,335
2016-09-27,8.6,21.3,0
2016-09-28,7.3,17.7,354
2016-09-29,6.3,13.9,332
2016-09-30,10.1,23.7,251
2016-10-01,15.3,38.9,189
2016-10-02,5.8,15.9,178
2016-10-03,9.2,19.2,181
2016-10-04,13.8,32.9,192
2016-10-05,13.5,29.3,197
2016-10-06,13.2,26.2,189
2016-10-07,15.3,41.4,190
2016-10-08,10.4,23.0,205
2016-10-09,8.7,21.7,227
2016-10-10,5.4,15.9,6
2016-10-11,5.5,15.4,12
2016-10-12,6.3,15.0,22
2016-10-13,18.7,53.0,187
2016-10-14,18.2,49.4,198
2016-10-15,20.2,52.3,179
2016-10-16,15.1,41.6,176
2016-10-17,15.3,33.6,199
2016-10-18,9.3,19.7,196
2016-10-19,6.6,10.1,154
2016-10-20,11.9,27.1,194
2016-10-21,6.8,15.4,228
2016-10-22,4.9,16.1,142
2016-10-23,6.8,15.2,75
2016-10-24,10.4,24.6,168
2016-10-25,9.6,22.8,172
2016-10-26,12.9,28.0,173
2016-10-27,11.4,23.5,170
2016-10-28,5.5,14.5,57
2016-10-29,6.6,13.4,150
2016-10-30,11.4,22.8,86
2016-10-31,16.2,39.4,196
2016-11-01,10.7,25.9,191
2016-11-02,8.6,24.2,177
2016-11-03,7.8,15.4,26
2016-11-04,4.7,8.9,140
2016-11-05,7.0,23.7,181
2016-11-06,8.3,18.8,177
2016-11-07,4.8,10.3,43
2016-11-08,4.3,8.5,23
2016-11-09,5.0,10.5,160
2016-11-10,4.7,9.4,328
2016-11-11,4.0,14.3,345
2016-11-12,13.3,26.6,205
2016-11-13,11.7,26.6,179
2016-11-14,14.0,28.2,177
2016-11-15,12.7,40.3,210
2016-11-16,8.2,19.5,193
2016-11-17,6.8,17.9,170
2016-11-18,8.0,14.3,39
2016-11-19,5.7,11.2,96
2016-11-20,10.3,25.3,181
2016-11-21,7.0,18.1,200
2016-11-22,10.7,24.4,164
2016-11-23,14.5,31.8,189
2016-11-24,18.1,54.6,180
2016-11-25,10.9,32.4,142
2016-11-26,7.5,20.6,244
2016-11-27,16.3,34.9,208
2016-11-28,9.0,21.3,244
2016-11-29,8.8,16.8,177
2016-11-30,10.5,22.6,209
2016-12-01,5.1,15.0,194
2016-12-02,11.2,23.5,182
2016-12-03,9.7,19.0,208
2016-12-04,11.0,22.4,243
2016-12-05,10.5,22.8,193
2016-12-06,5.2,13.9,24
2016-12-07,10.9,22.6,39
2016-12-08,11.5,30.6,49
2016-12-09,7.6,21.5,169
2016-12-10,11.0,26.4,203
2016-12-11,10.2,28.6,201
2016-12-12,7.9,17.0,204
2016-12-13,8.0,18.1,12
2016-12-14,10.9,21.9,32
2016-12-15,5.6,14.1,8
2016-12-16,5.6,11.2,5
2016-12-17,4.3,11.0,158
2016-12-18,4.0,6.7,341
2016-12-19,13.7,29.5,185
2016-12-20,16.6,35.8,217
2016-12-21,4.8,11.0,356
2016-12-22,3.3,8.1,287
2016-12-23,12.3,25.9,212
2016-12-24,5.6,14.1,216
2016-12-25,2.8,7.2,101
2016-12-26,15.4,34.0,174
2016-12-27,15.4,33.3,215
2016-12-28,4.8,11.0,313
2016-12-29,4.4,9.8,259
2016-12-30,7.0,16.3,339
2016-12-31,14.7,28.4,240
2017-01-01,12.9,27.1,201
2017-01-02,15.7,29.8,81
2017-01-03,15.6,30.4,79
2017-01-04,14.2,29.8,44
2017-01-05,12.0,25.5,59
2017-01-06,15.8,28.6,83
2017-01-07,20.2,38.5,82
2017-01-08,25.2,49.7,80
2017-01-09,14.5,28.2,184
2017-01-10,16.2,30.4,80
2017-01-11,14.5,28.2,76
2017-01-12,10.2,19.2,62
2017-01-13,14.2,26.2,59
2017-01-14,18.0,33.6,71
2017-01-15,16.3,29.3,66
2017-01-16,14.8,27.1,77
2017-01-17,13.4,41.6,86
2017-01-18,20.2,40.0,150
2017-01-19,16.2,32.4,182
2017-01-20,13.6,26.6,82
2017-01-21,12.4,24.8,132
2017-01-22,14.4,26.6,96
2017-01-23,8.3,15.4,64
2017-01-24,5.4,9.2,33
2017-01-25,4.6,10.1,153
2017-01-26,5.6,9.8,94
2017-01-27,10.5,19.5,71
2017-01-28,10.9,21.3,77
2017-01-29,10.7,20.6,85
2017-01-30,6.3,13.9,347
2017-01-31,10.4,20.6,39
2017-02-01,19.9,38.5,83
2017-02-02,20.9,39.4,85
2017-02-03,19.7,42.5,81
2017-02-04,16.8,36.2,190
2017-02-05,13.2,36.0,237
2017-02-06,16.5,36.5,205
2017-02-07,12.5,23.0,68
2017-02-08,15.8,30.6,80
2017-02-09,19.8,43.6,192
2017-02-10,15.4,35.3,208
2017-02-11,6.0,11.6,144
2017-02-12,10.3,19.7,47
2017-02-13,17.8,34.2,78
2017-02-14,14.9,28.2,84
2017-02-15,11.3,21.3,90
2017-02-16,15.9,31.8,194
2017-02-17,11.4,22.1,41
2017-02-18,9.2,20.8,159
2017-02-19,15.4,32.0,172
2017-02-20,13.1,25.3,151
2017-02-21,17.0,31.3,220
2017-02-22,5.0,15.7,237
2017-02-23,5.0,13.4,204
2017-02-24,5.6,17.9,136
2017-02-25,7.4,14.1,313
2017-02-26,15.9,31.1,190
2017-02-27,17.1,32.4,209
2017-02-28,10.3,23.3,223
2017-03-01,11.6,22.4,203
2017-03-02,10.6,21.3,189
2017-03-03,17.3,34.2,196
2017-03-04,12.3,26.6,185
2017-03-05,18.1,37.6,195
2017-03-06,13.6,35.3,205
2017-03-07,18.6,37.1,198
2017-03-08,7.7,15.0,216
2017-03-09,16.7,32.7,198
2017-03-10,19.5,37.4,217
2017-03-11,13.7,30.0,185
2017-03-12,7.4,16.3,174
2017-03-13,9.3,17.9,165
2017-03-14,14.5,34.2,193
2017-03-15,17.0,33.6,199
2017-03-16,6.1,15.0,194
2017-03-17,6.8,27.1,80
2017-03-18,16.8,33.8,243
2017-03-19,7.5,17.7,352
2017-03-20,15.3,28.6,81
2017-03-21,15.5,29.1,88
2017-03-22,14.4,32.4,194
2017-03-23,8.7,18.3,161
2017-03-24,16.5,37.6,181
2017-03-25,7.0,17.9,202
2017-03-26,9.1,29.8,154
2017-03-27,11.1,28.0,204
2017-03-28,12.2,22.8,192
2017-03-29,17.4,34.0,200
2017-03-30,9.2,25.5,288
2017-03-31,4.1,11.4,263
2017-04-01,6.2,12.8,179
2017-04-02,11.5,23.5,296
2017-04-03,5.3,13.2,290
2017-04-04,8.6,15.4,102
2017-04-05,8.9,19.7,119
2017-04-06,11.5,25.1,93
2017-04-07,26.6,68.0,186
2017-04-08,12.1,26.2,205
2017-04-09,7.8,15.7,169
2017-04-10,16.8,38.0,200
2017-04-11,12.2,24.4,62
2017-04-12,19.9,47.0,164
2017-04-13,14.7,30.0,197
2017-04-14,12.1,28.2,200
2017-04-15,8.0,17.7,359
2017-04-16,14.9,28.9,72
2017-04-17,11.7,24.2,166
2017-04-18,14.0,31.3,198
2017-04-19,10.5,24.2,160
2017-04-20,12.2,25.3,209
2017-04-21,14.2,27.1,69
2017-04-22,17.4,36.9,159
2017-04-23,12.0,28.2,194
2017-04-24,16.1,31.5,187
2017-04-25,13.4,25.1,181
2017-04-26,12.4,25.3,237
2017-04-27,10.7,25.9,247
2017-04-28,7.1,16.8,313
2017-04-29,10.6,18.8,227
2017-04-30,12.2,22.6,270
2017-05-01,2.9,15.4,322
2017-05-02,7.3,15.2,151
2017-05-03,7.2,15.0,356
2017-05-04,7.2,21.9,341
2017-05-05,13.6,25.7,234
2017-05-06,10.9,21.9,315
2017-05-07,9.6,20.4,330
2017-05-08,7.3,15.2,341
2017-05-09,7.7,14.3,332
2017-05-10,7.6,16.6,237
2017-05-11,12.8,27.7,192
2017-05-12,15.1,31.1,188
2017-05-13,12.1,25.7,202
2017-05-14,8.4,16.6,211
2017-05-15,11.0,20.6,222
2017-05-16,15.3,32.2,237
2017-05-17,9.0,17.9,229
2017-05-18,5.2,10.7,349
2017-05-19,9.9,20.1,350
2017-05-20,7.7,16.3,328
2017-05-21,9.8,19.5,358
2017-05-22,9.0,17.4,357
2017-05-23,13.5,26.6,333
2017-05-24,12.0,24.4,303
2017-05-25,8.6,17.7,332
2017-05-26,8.6,18.3,346
2017-05-27,6.4,10.7,340
2017-05-28,5.4,13.2,266
2017-05-29,7.1,14.1,327
2017-05-30,7.2,13.9,201
2017-05-31,7.2,13.4,216
2017-06-01,13.0,26.8,214
2017-06-02,5.5,13.9,227
2017-06-03,8.1,15.7,336
2017-06-04,7.2,17.2,330
2017-06-05,9.2,17.9,343
2017-06-06,8.2,16.1,298
2017-06-07,11.9,22.6,205
2017-06-08,13.6,32.9,219
2017-06-09,11.4,28.2,196
2017-06-10,8.1,19.0,188
2017-06-11,9.5,20.4,320
2017-06-12,8.3,16.8,263
2017-06-13,8.5,19.9,236
2017-06-14,5.4,13.9,220
2017-06-15,14.5,28.2,188
2017-06-16,11.9,25.1,221
2017-06-17,5.4,10.7,327
2017-06-18,7.9,16.1,356
2017-06-19,9.0,16.8,340
2017-06-20,11.2,22.1,330
2017-06-21,9.9,19.0,335
2017-06-22,12.5,24.8,347
2017-06-23,11.8,22.4,6
2017-06-24,12.2,23.7,42
2017-06-25,8.7,17.7,49
2017-06-26,9.9,19.0,297
2017-06-27,8.6,17.9,352
2017-06-28,9.2,19.5,331
2017-06-29,8.6,16.3,346
2017-06-30,9.9,19.9,335
2017-07-01,8.3,16.3,339
2017-07-02,9.8,19.5,347
2017-07-03,9.9,20.4,340
2017-07-04,6.8,16.1,349
2017-07-05,8.8,17.0,336
2017-07-06,8.3,16.3,351
2017-07-07,6.6,16.6,353
2017-07-08,10.0,21.7,342
2017-07-09,11.8,25.7,342
2017-07-10,11.2,23.5,326
2017-07-11,9.4,18.1,343
2017-07-12,9.3,19.9,340
2017-07-13,7.4,15.9,341
2017-07-14,8.9,17.7,345
2017-07-15,13.5,26.6,326
2017-07-16,10.6,22.6,336
2017-07-17,9.7,22.8,340
2017-07-18,12.8,24.8,334
2017-07-19,11.6,23.9,312
2017-07-20,10.3,22.1,254
2017-07-21,9.2,18.1,334
2017-07-22,11.9,23.0,345
2017-07-23,12.6,26.8,338
2017-07-24,13.9,28.9,340
2017-07-25,11.2,24.8,340
2017-07-26,10.1,21.9,338
2017-07-27,10.8,21.9,349
2017-07-28,9.2,18.8,343
2017-07-29,9.3,21.5,342
2017-07-30,10.7,23.0,341
2017-07-31,13.3,28.4,340
2017-08-01,12.5,26.8,343
2017-08-02,12.4,25.9,355
2017-08-03,7.0,13.6,354
2017-08-04,10.1,18.8,288
2017-08-05,8.3,15.4,351
2017-08-06,7.6,14.8,348
2017-08-07,7.9,16.3,350
2017-08-08,7.6,17.4,353
2017-08-09,7.2,14.8,348
2017-08-10,7.0,15.0,346
2017-08-11,9.4,18.6,346
2017-08-12,8.5,16.3,300
2017-08-13,9.7,18.8,234
2017-08-14,5.9,13.2,349
2017-08-15,7.7,18.1,344
2017-08-16,10.6,20.6,333
2017-08-17,7.1,13.6,341
2017-08-18,11.3,24.6,339
2017-08-19,11.1,23.0,332
2017-08-20,10.6,23.3,342
2017-08-21,11.9,25.3,347
2017-08-22,9.4,18.3,332
2017-08-23,10.2,19.9,339
2017-08-24,10.9,22.6,329
2017-08-25,8.4,19.9,341
2017-08-26,12.1,24.4,349
2017-08-27,5.5,11.9,351
2017-08-28,6.3,10.7,11
2017-08-29,6.9,15.7,204
2017-08-30,9.1,19.9,327
2017-08-31,7.2,15.7,354
2017-09-01,10.1,21.7,344
2017-09-02,9.9,21.3,349
2017-09-03,6.8,11.0,352
2017-09-04,9.3,19.5,5
2017-09-05,5.9,14.8,204
2017-09-06,7.5,17.4,229
2017-09-07,9.0,16.8,338
2017-09-08,5.7,12.1,310
2017-09-09,11.2,21.9,301
2017-09-10,8.1,17.9,342
2017-09-11,11.5,22.8,345
2017-09-12,12.2,23.7,344
2017-09-13,6.5,13.0,335
2017-09-14,4.3,12.8,308
2017-09-15,5.9,13.0,318
2017-09-16,7.7,16.6,53
2017-09-17,13.2,26.8,200
2017-09-18,13.3,32.0,213
2017-09-19,15.5,35.8,214
2017-09-20,13.6,27.7,205
2017-09-21,5.7,12.5,214
2017-09-22,4.6,12.3,348
2017-09-23,5.4,8.7,15
2017-09-24,5.0,11.9,345
2017-09-25,3.5,8.7,58
2017-09-26,9.7,17.9,356
2017-09-27,12.4,24.6,63
2017-09-28,9.0,17.0,119
2017-09-29,10.5,20.6,220
2017-09-30,8.2,19.9,212
2017-10-01,7.9,17.9,250
2017-10-02,8.5,16.8,348
2017-10-03,14.5,29.3,38
2017-10-04,6.2,15.0,25
2017-10-05,5.7,13.2,21
2017-10-06,9.4,19.2,231
2017-10-07,12.2,24.4,246
2017-10-08,5.5,15.2,233
2017-10-09,8.1,17.2,23
2017-10-10,8.0,17.7,222
2017-10-11,9.4,20.1,205
2017-10-12,16.5,33.1,199
2017-10-13,10.1,24.4,237
2017-10-14,4.9,11.2,9
2017-10-15,6.9,15.7,18
2017-10-16,5.1,12.5,57
2017-10-17,11.7,22.8,189
2017-10-18,17.5,34.7,192
2017-10-19,18.2,36.0,194
2017-10-20,14.6,30.6,203
2017-10-21,23.6,46.5,187
2017-10-22,20.7,52.1,216
2017-10-23,5.5,13.2,17
2017-10-24,13.3,26.2,46
2017-10-25,5.8,10.5,5
2017-10-26,13.6,25.7,37
2017-10-27,14.7,27.3,73
2017-10-28,12.7,23.9,77
2017-10-29,7.7,13.6,234
2017-10-30,14.8,28.9,30
2017-10-31,7.1,13.4,18
2017-11-01,10.1,20.6,219
2017-11-02,16.6,34.2,207
2017-11-03,11.3,23.0,189
2017-11-04,18.8,35.6,198
2017-11-05,19.0,38.5,204
2017-11-06,11.4,21.3,97
2017-11-07,17.0,32.0,83
2017-11-08,19.9,38.3,81
2017-11-09,16.3,31.5,138
2017-11-10,9.6,34.7,86
2017-11-11,6.5,16.8,103
2017-11-12,9.4,27.1,91
2017-11-13,19.8,47.6,189
2017-11-14,16.6,34.0,182
2017-11-15,17.5,35.8,180
2017-11-16,12.9,23.9,193
2017-11-17,11.7,25.5,204
2017-11-18,4.8,11.4,94
2017-11-19,18.7,45.4,184
2017-11-20,18.1,45.4,211
2017-11-21,9.2,38.7,85
2017-11-22,7.9,28.2,133
2017-11-23,14.4,35.8,216
2017-11-24,8.2,18.1,191
2017-11-25,14.1,25.1,83
2017-11-26,14.2,33.6,159
2017-11-27,5.8,13.9,185
2017-11-28,12.3,25.1,178
2017-11-29,9.9,19.7,180
2017-11-30,7.6,15.4,173
2017-12-01,10.5,19.7,195
2017-12-02,11.3,21.9,189
2017-12-03,8.8,22.8,215
2017-12-04,5.4,9.2,327
2017-12-05,11.9,22.6,35
2017-12-06,18.3,35.8,70
2017-12-07,18.0,34.4,76
2017-12-08,14.5,28.6,70
2017-12-09,16.3,30.4,70
2017-12-10,18.3,34.7,70
2017-12-11,18.5,34.9,77
2017-12-12,10.5,20.6,60
2017-12-13,16.7,31.3,57
2017-12-14,16.5,31.3,67
2017-12-15,8.5,17.9,149
2017-12-16,6.4,11.6,196
2017-12-17,8.1,15.0,184
2017-12-18,13.7,25.9,203
2017-12-19,22.1,46.1,199
2017-12-20,13.2,26.4,232
2017-12-21,4.1,8.5,106
2017-12-22,4.0,7.8,154
2017-12-23,17.0,32.0,76
2017-12-24,17.1,32.0,76
2017-12-25,8.1,18.8,83
2017-12-26,12.2,24.6,59
2017-12-27,9.2,17.9,185
2017-12-28,16.0,31.3,184
2017-12-29,19.7,45.2,199
2017-12-30,11.1,21.0,209
2017-12-31,15.7,30.6,66
2018-01-01,14.9,28.4,62
2018-01-02,18.2,34.9,72
2018-01-03,18.5,35.8,69
2018-01-04,17.1,32.7,77
2018-01-05,17.5,35.3,101
2018-01-06,12.4,31.3,202
2018-01-07,5.3,9.2,99
2018-01-08,5.8,9.8,62
2018-01-09,6.0,12.1,224
2018-01-10,11.4,22.4,196
2018-01-11,20.9,53.0,196
2018-01-12,14.3,27.5,194
2018-01-13,13.2,24.8,54
2018-01-14,18.0,34.7,80
2018-01-15,18.1,45.0,83
2018-01-16,10.5,20.4,151
2018-01-17,14.2,28.0,116
2018-01-18,13.3,33.3,190
2018-01-19,17.0,32.2,193
2018-01-20,15.7,29.8,192
2018-01-21,18.5,35.3,182
2018-01-22,11.3,21.7,194
2018-01-23,13.0,25.9,139
2018-01-24,15.5,31.3,195
2018-01-25,14.7,30.2,181
2018-01-26,14.0,28.0,191
2018-01-27,18.0,34.7,195
2018-01-28,9.2,21.7,161
2018-01-29,15.3,29.5,178
2018-01-30,10.3,23.0,221
2018-01-31,4.3,13.4,168
2018-02-01,11.2,21.7,129
2018-02-02,12.6,29.5,206
2018-02-03,9.9,19.5,211
2018-02-04,10.7,25.3,219
2018-02-05,5.8,13.0,228
2018-02-06,5.5,10.5,181
2018-02-07,3.4,9.8,292
2018-02-08,5.5,11.0,240
2018-02-09,5.6,10.7,280
2018-02-10,5.9,13.6,340
2018-02-11,6.6,13.0,312
2018-02-12,12.9,25.9,50
2018-02-13,6.2,9.6,57
2018-02-14,10.7,22.4,222
2018-02-15,7.3,15.9,214
2018-02-16,13.1,26.2,201
2018-02-17,20.8,43.4,214
2018-02-18,16.6,32.4,219
2018-02-19,10.9,21.3,32
2018-02-20,10.4,18.8,127
2018-02-21,8.5,18.8,57
2018-02-22,9.2,19.9,41
2018-02-23,18.0,34.2,185
2018-02-24,17.7,35.1,234
2018-02-25,18.7,38.7,212
2018-02-26,4.7,9.8,180
2018-02-27,11.5,22.1,202
2018-02-28,13.1,32.0,171
2018-03-01,17.2,33.6,184
2018-03-02,10.8,31.3,151
2018-03-03,5.9,12.5,96
2018-03-04,9.0,18.3,202
2018-03-05,5.6,14.5,179
2018-03-06,7.5,16.8,33
2018-03-07,11.0,22.1,58
2018-03-08,22.4,49.9,184
2018-03-09,9.8,19.9,244
2018-03-10,12.6,25.3,62
2018-03-11,11.2,21.0,84
2018-03-12,17.5,33.6,82
2018-03-13,15.2,33.1,116
2018-03-14,8.3,21.0,201
2018-03-15,6.8,14.3,118
2018-03-16,7.2,15.9,2
2018-03-17,6.9,17.7,206
2018-03-18,8.0,19.9,195
2018-03-19,6.1,15.0,338
2018-03-20,6.6,12.5,342
2018-03-21,9.3,19.9,170
2018-03-22,14.1,33.1,191
2018-03-23,15.9,34.9,180
2018-03-24,13.4,24.4,176
2018-03-25,6.1,19.7,213
2018-03-26,13.4,26.8,195
2018-03-27,10.9,20.6,212
2018-03-28,8.7,16.6,304
2018-03-29,7.6,16.3,351
2018-03-30,6.1,11.9,333
2018-03-31,6.7,12.5,323
2018-04-01,11.9,23.3,235
2018-04-02,9.4,23.5,219
2018-04-03,4.9,9.4,9
2018-04-04,5.3,10.7,96
2018-04-05,8.3,21.0,144
2018-04-06,8.7,15.0,94
2018-04-07,21.8,55.0,189
2018-04-08,16.3,34.2,209
2018-04-09,12.4,22.4,70
2018-04-10,12.3,28.9,172
2018-04-11,11.4,22.4,173
2018-04-12,19.2,36.7,205
2018-04-13,17.8,34.0,194
2018-04-14,12.1,25.7,192
2018-04-15,18.0,36.5,187
2018-04-16,18.4,34.4,205
2018-04-17,10.7,26.4,210
2018-04-18,5.8,14.3,22
2018-04-19,5.4,12.5,356
2018-04-20,9.4,19.2,237
2018-04-21,11.8,21.9,278
2018-04-22,10.5,23.5,343
2018-04-23,13.9,27.5,55
2018-04-24,11.5,23.3,67
2018-04-25,8.3,15.2,5
2018-04-26,7.3,14.3,39
2018-04-27,11.9,23.7,200
2018-04-28,9.6,20.1,216
2018-04-29,9.4,21.5,231
2018-04-30,5.6,12.5,264
2018-05-01,7.9,16.6,310
2018-05-02,6.9,11.6,343
2018-05-03,8.2,15.7,248
2018-05-04,4.5,15.2,225
2018-05-05,7.0,13.9,336
2018-05-06,7.7,15.9,228
2018-05-07,5.2,13.4,344
2018-05-08,9.8,22.8,224
2018-05-09,11.6,24.2,218
2018-05-10,10.1,21.0,277
2018-05-11,11.7,24.4,331
2018-05-12,10.9,20.8,335
2018-05-13,6.8,13.4,341
2018-05-14,5.1,12.8,278
2018-05-15,8.6,16.3,203
2018-05-16,8.6,16.6,231
2018-05-17,6.9,15.7,13
2018-05-18,4.5,10.7,342
2018-05-19,7.7,15.9,284
2018-05-20,8.2,17.9,314
2018-05-21,7.2,15.4,338
2018-05-22,8.4,16.8,337
2018-05-23,9.7,18.6,283
2018-05-24,8.0,17.4,332
2018-05-25,10.8,24.8,323
2018-05-26,7.6,14.5,241
2018-05-27,8.8,17.9,329
2018-05-28,10.4,22.8,329
2018-05-29,13.3,25.7,326
2018-05-30,9.4,19.9,325
2018-05-31,9.8,24.4,271
2018-06-01,5.5,13.2,230
2018-06-02,8.6,15.9,341
2018-06-03,15.1,32.2,332
2018-06-04,9.0,19.7,328
2018-06-05,10.6,23.0,256
2018-06-06,10.0,19.5,322
2018-06-07,7.7,17.7,234
2018-06-08,11.1,23.0,198
2018-06-09,10.1,24.2,230
2018-06-10,11.7,23.0,198
2018-06-11,6.5,14.3,354
2018-06-12,10.6,19.5,345
2018-06-13,9.0,18.3,240
2018-06-14,9.0,17.2,327
2018-06-15,9.6,21.9,330
2018-06-16,11.9,29.3,354
2018-06-17,6.1,21.5,24
2018-06-18,6.7,14.1,239
2018-06-19,7.6,14.8,355
2018-06-20,8.2,18.1,239
2018-06-21,9.0,18.1,266
2018-06-22,11.2,23.9,337
2018-06-23,10.1,22.8,336
2018-06-24,13.3,27.7,326
2018-06-25,9.5,18.8,296
2018-06-26,10.9,22.8,338
2018-06-27,14.3,28.9,326
2018-06-28,11.7,21.7,320
2018-06-29,11.8,23.7,335
2018-06-30,13.3,26.8,330
2018-07-01,13.9,27.7,322
2018-07-02,11.5,25.7,308
2018-07-03,7.8,17.4,338
2018-07-04,12.0,25.1,59
2018-07-05,11.4,22.1,257
2018-07-06,13.0,27.7,228
2018-07-07,10.4,20.8,335
2018-07-08,11.3,23.9,327
2018-07-09,6.5,22.4,305
2018-07-10,12.0,24.4,336
2018-07-11,14.1,28.9,345
2018-07-12,12.8,27.1,344
2018-07-13,9.3,19.5,342
2018-07-14,8.0,16.1,343
2018-07-15,7.8,17.0,341
2018-07-16,9.1,18.1,334
2018-07-17,12.7,25.5,343
2018-07-18,12.3,26.6,339
2018-07-19,10.3,22.4,331
2018-07-20,10.4,23.3,332
2018-07-21,9.3,18.3,338
2018-07-22,7.6,16.1,340
2018-07-23,10.1,18.8,335
2018-07-24,9.4,19.5,348
2018-07-25,9.6,19.7,345
2018-07-26,11.6,22.6,345
2018-07-27,10.8,21.0,347
2018-07-28,7.6,15.7,360
2018-07-29,9.2,18.3,336
2018-07-30,9.0,17.9,347
2018-07-31,12.3,24.4,338
2018-08-01,9.7,19.5,349
2018-08-02,9.9,19.2,346
2018-08-03,8.2,18.3,309
2018-08-04,6.5,16.6,347
2018-08-05,8.8,16.6,348
2018-08-06,8.6,16.6,335
2018-08-07,8.9,20.4,337
2018-08-08,8.1,15.7,307
2018-08-09,6.8,15.2,343
2018-08-10,9.5,20.4,229
2018-08-11,10.0,23.3,237
2018-08-12,12.7,24.4,340
2018-08-13,11.1,24.2,349
2018-08-14,7.2,15.0,354
2018-08-15,7.9,15.7,316
2018-08-16,8.3,20.1,342
2018-08-17,9.0,17.0,341
2018-08-18,7.2,18.1,351
2018-08-19,8.8,18.3,340
2018-08-20,7.8,23.0,343
2018-08-21,15.1,30.6,48
2018-08-22,10.1,19.5,3
2018-08-23,9.6,22.4,342
2018-08-24,8.4,18.6,303
2018-08-25,7.0,14.1,344
2018-08-26,8.8,16.8,259
2018-08-27,8.6,19.9,335
2018-08-28,9.3,18.6,357
2018-08-29,11.3,25.9,344
2018-08-30,7.9,15.2,322
2018-08-31,10.1,20.6,323
2018-09-01,9.7,19.5,333
2018-09-02,10.7,23.3,341
2018-09-03,9.3,21.3,342
2018-09-04,12.0,22.6,347
2018-09-05,7.4,13.2,352
2018-09-06,9.7,18.3,272
2018-09-07,10.5,21.7,311
2018-09-08,8.6,18.8,226
2018-09-09,9.7,19.0,226
2018-09-10,10.7,19.9,233
2018-09-11,11.4,25.9,202
2018-09-12,8.6,20.6,194
2018-09-13,8.2,24.2,210
2018-09-14,6.4,13.0,259
2018-09-15,8.9,19.0,202
2018-09-16,14.6,28.9,200
2018-09-17,7.6,17.9,341
2018-09-18,7.4,15.4,338
2018-09-19,7.9,17.2,320
2018-09-20,6.1,17.4,349
2018-09-21,10.7,20.1,237
2018-09-22,12.8,26.8,221
2018-09-23,7.8,15.4,325
2018-09-24,10.5,22.6,346
2018-09-25,10.0,21.5,11
2018-09-26,9.7,21.7,354
2018-09-27,7.2,16.1,1
2018-09-28,9.9,21.3,54
2018-09-29,8.8,20.8,189
2018-09-30,6.4,23.7,111
2018-10-01,7.0,16.1,209
2018-10-02,13.9,28.9,259
2018-10-03,7.1,17.4,20
2018-10-04,5.9,11.6,345
2018-10-05,8.6,24.8,146
2018-10-06,9.4,19.9,347
2018-10-07,4.1,11.9,219
2018-10-08,8.4,15.0,195
2018-10-09,8.9,17.0,289
2018-10-10,8.4,17.0,3
2018-10-11,7.4,16.3,9
2018-10-12,7.0,15.0,356
2018-10-13,9.5,19.2,14
2018-10-14,13.5,26.8,51
2018-10-15,12.8,23.9,62
2018-10-16,13.3,25.3,72
2018-10-17,10.5,21.5,69
2018-10-18,6.3,9.6,38
2018-10-19,7.4,13.6,356
2018-10-20,8.4,17.4,353
2018-10-21,5.9,11.9,14
2018-10-22,5.1,8.9,1
2018-10-23,6.6,23.3,184
2018-10-24,5.3,11.9,191
2018-10-25,6.8,13.2,136
2018-10-26,14.4,30.6,202
2018-10-27,14.9,33.6,128
2018-10-28,12.0,31.8,198
2018-10-29,11.8,22.8,196
2018-10-30,3.8,10.1,175
2018-10-31,14.8,28.0,201
2018-11-01,11.5,22.6,211
2018-11-02,17.3,34.2,227
2018-11-03,6.1,13.4,192
2018-11-04,19.7,37.4,220
2018-11-05,10.3,23.9,215
2018-11-06,4.7,13.4,227
2018-11-07,6.1,14.1,353
2018-11-08,7.0,15.2,5
2018-11-09,4.7,9.2,13
2018-11-10,8.2,17.2,349
2018-11-11,16.4,30.9,64
2018-11-12,18.6,35.6,77
2018-11-13,14.3,27.3,82
2018-11-14,6.9,14.3,152
2018-11-15,3.5,10.3,4
2018-11-16,7.6,13.9,359
2018-11-17,14.6,28.9,67
2018-11-18,13.2,25.9,67
2018-11-19,14.4,26.8,69
2018-11-20,13.9,26.6,72
2018-11-21,12.3,28.9,87
2018-11-22,13.7,33.1,186
2018-11-23,14.3,30.0,211
2018-11-24,4.6,9.6,213
2018-11-25,9.0,17.2,89
2018-11-26,10.3,24.2,103
2018-11-27,16.4,40.3,193
2018-11-28,10.1,20.4,164
2018-11-29,9.3,18.6,12
2018-11-30,15.6,30.6,192
2018-12-01,10.1,22.6,171
2018-12-02,6.3,13.0,171
2018-12-03,13.0,24.8,62
2018-12-04,15.5,29.5,75
2018-12-05,16.9,32.7,75
2018-12-06,16.7,31.3,77
2018-12-07,16.0,30.2,80
2018-12-08,18.4,33.8,78
2018-12-09,18.5,35.6,83
2018-12-10,5.2,10.5,162
2018-12-11,19.8,39.4,195
2018-12-12,10.8,25.9,202
2018-12-13,8.7,17.7,158
2018-12-14,21.2,43.8,178
2018-12-15,11.8,29.1,107
2018-12-16,13.5,30.6,127
2018-12-17,14.4,28.9,175
2018-12-18,23.7,52.1,205
2018-12-19,9.9,26.4,154
2018-12-20,18.2,35.3,196
2018-12-21,7.4,13.9,192
2018-12-22,12.0,29.3,102
2018-12-23,13.0,26.6,194
2018-12-24,10.8,20.1,55
2018-12-25,5.4,12.1,10
2018-12-26,12.2,25.3,182
2018-12-27,6.9,13.6,206
2018-12-28,12.2,23.0,189
2018-12-29,19.6,37.6,200
2018-12-30,9.4,25.3,247
2018-12-31,6.4,12.8,6
2019-01-01,5.3,8.5,22
2019-01-02,6.3,12.1,146
2019-01-03,15.4,29.8,186
2019-01-04,17.9,34.7,181
2019-01-05,22.9,41.2,84
2019-01-06,30.1,58.2,197
2019-01-07,10.8,20.8,168
2019-01-08,21.2,39.6,81
2019-01-09,18.6,35.3,101
2019-01-10,12.5,24.4,127
2019-01-11,16.9,32.7,80
2019-01-12,16.6,30.9,77
2019-01-13,17.3,32.9,76
2019-01-14,19.7,38.3,79
2019-01-15,18.7,37.1,78
2019-01-16,20.0,37.4,79
2019-01-17,17.6,34.7,139
2019-01-18,13.5,37.8,142
2019-01-19,13.6,28.9,192
2019-01-20,7.4,14.5,327
2019-01-21,5.2,9.8,202
2019-01-22,21.1,40.5,185
2019-01-23,21.2,41.4,209
2019-01-24,5.2,11.6,337
2019-01-25,5.7,11.2,356
2019-01-26,4.5,9.2,21
2019-01-27,5.0,10.1,350
2019-01-28,16.7,31.1,68
2019-01-29,14.2,27.7,70
2019-01-30,9.6,18.3,65
2019-01-31,8.4,15.9,93
2019-02-01,9.6,20.1,145
2019-02-02,10.5,21.5,337
2019-02-03,11.8,23.3,210
2019-02-04,9.5,17.2,315
2019-02-05,4.8,12.5,328
2019-02-06,5.5,8.9,24
2019-02-07,10.0,20.4,63
2019-02-08,14.4,27.7,156
2019-02-09,17.5,32.7,97
2019-02-10,21.4,41.2,176
2019-02-11,20.4,39.8,192
2019-02-12,18.7,36.2,198
2019-02-13,11.6,21.3,28
2019-02-14,19.1,35.6,91
2019-02-15,12.6,29.5,176
2019-02-16,6.3,17.2,190
2019-02-17,5.4,13.0,287
2019-02-18,4.6,9.8,271
2019-02-19,12.9,26.2,209
2019-02-20,7.0,18.8,203
2019-02-21,5.5,11.6,9
2019-02-22,16.4,31.3,190
2019-02-23,6.1,15.7,180
2019-02-24,6.7,12.8,97
2019-02-25,11.6,21.9,50
2019-02-26,19.1,36.7,81
2019-02-27,14.7,28.6,88
2019-02-28,7.7,17.4,101
2019-03-01,9.6,19.0,75
2019-03-02,18.0,35.1,65
2019-03-03,18.2,35.8,72
2019-03-04,15.9,31.5,71
2019-03-05,13.7,26.8,66
2019-03-06,12.0,22.4,79
2019-03-07,11.9,30.2,197
2019-03-08,7.0,17.2,171
2019-03-09,11.7,21.9,49
2019-03-10,12.2,24.8,56
2019-03-11,8.9,20.8,123
2019-03-12,12.8,32.0,239
2019-03-13,6.3,15.4,205
2019-03-14,4.5,9.4,71
2019-03-15,8.0,14.8,44
2019-03-16,8.1,15.4,63
2019-03-17,16.2,31.3,59
2019-03-18,17.7,33.6,70
2019-03-19,17.5,33.6,78
2019-03-20,12.2,24.8,81
2019-03-21,5.1,11.9,221
2019-03-22,6.1,19.0,181
2019-03-23,6.7,14.3,213
2019-03-24,6.4,13.0,120
2019-03-25,13.8,25.7,111
2019-03-26,6.2,12.5,61
2019-03-27,10.7,20.4,70
2019-03-28,10.5,19.5,74
2019-03-29,9.5,20.8,300
2019-03-30,5.8,13.0,1
2019-03-31,5.2,9.6,27
2019-04-01,6.6,12.5,63
2019-04-02,3.8,12.3,151
2019-04-03,12.1,27.1,219
2019-04-04,6.0,16.6,337
2019-04-05,16.3,33.1,175
2019-04-06,13.7,35.8,162
2019-04-07,14.7,40.0,181
2019-04-08,10.6,26.8,193
2019-04-09,14.7,31.1,260
2019-04-10,12.4,24.6,212
2019-04-11,12.7,27.1,201
2019-04-12,6.8,14.5,276
2019-04-13,14.4,27.7,202
2019-04-14,6.9,16.3,217
2019-04-15,7.9,20.4,38
2019-04-16,10.1,21.0,206
2019-04-17,9.5,19.2,193
2019-04-18,8.7,18.1,28
2019-04-19,8.7,17.4,319
2019-04-20,10.2,21.5,314
2019-04-21,6.2,11.9,275
2019-04-22,5.0,12.5,313
2019-04-23,12.2,23.3,272
2019-04-24,10.9,21.7,335
2019-04-25,7.8,17.4,347
2019-04-26,9.7,21.5,307
2019-04-27,13.0,26.6,290
2019-04-28,9.7,22.4,344
2019-04-29,11.4,23.7,11
2019-04-30,7.0,15.7,343
2019-05-01,11.1,21.3,313
2019-05-02,5.2,12.8,271
2019-05-03,6.7,15.7,345
2019-05-04,7.3,16.6,340
2019-05-05,7.7,15.0,334
2019-05-06,10.6,21.5,343
2019-05-07,10.6,21.3,322
2019-05-08,7.5,15.2,346
2019-05-09,14.2,28.6,60
2019-05-10,5.8,11.4,34
2019-05-11,11.0,21.3,319
2019-05-12,10.8,21.7,345
2019-05-13,6.4,13.9,226
2019-05-14,12.0,23.9,196
2019-05-15,9.3,19.2,30
2019-05-16,12.2,24.8,201
2019-05-17,16.9,33.6,211
2019-05-18,15.6,30.4,68
2019-05-19,6.4,15.0,301
2019-05-20,9.2,19.5,176
2019-05-21,11.3,22.8,3
2019-05-22,5.9,17.7,336
2019-05-23,8.7,20.8,332
2019-05-24,12.4,25.5,259
2019-05-25,9.1,19.7,222
2019-05-26,7.7,16.8,349
2019-05-27,7.1,15.9,212
2019-05-28,7.2,13.4,207
2019-05-29,7.0,13.6,350
2019-05-30,6.9,16.6,357
2019-05-31,9.5,19.0,341
2019-06-01,10.5,20.8,340
2019-06-02,11.2,21.7,344
2019-06-03,8.8,21.0,336
2019-06-04,6.8,15.0,336
2019-06-05,9.3,17.7,301
2019-06-06,11.0,24.4,265
2019-06-07,10.1,24.4,251
2019-06-08,8.3,16.8,270
2019-06-09,11.4,24.4,348
2019-06-10,12.7,26.4,346
2019-06-11,11.6,24.2,29
2019-06-12,7.1,14.1,59
2019-06-13,11.8,26.2,340
2019-06-14,9.6,20.1,336
2019-06-15,9.6,22.1,340
2019-06-16,10.2,23.5,332
2019-06-17,9.6,22.6,331
2019-06-18,10.1,22.6,325
2019-06-19,14.1,28.0,300
2019-06-20,12.8,25.9,288
2019-06-21,9.4,18.1,332
2019-06-22,11.8,24.6,336
2019-06-23,9.2,20.6,323
2019-06-24,5.8,16.1,350
2019-06-25,9.0,21.3,299
2019-06-26,10.3,19.5,260
2019-06-27,14.8,29.5,198
2019-06-28,6.3,13.6,223
2019-06-29,7.2,16.6,343
2019-06-30,7.5,17.4,329
2019-07-01,7.9,17.4,319
2019-07-02,6.3,16.6,284
2019-07-03,6.3,13.0,341
2019-07-04,11.2,21.5,336
2019-07-05,12.1,23.5,342
2019-07-06,5.7,15.9,300
2019-07-07,8.0,15.4,328
2019-07-08,8.1,18.8,344
2019-07-09,5.8,13.9,194
2019-07-10,10.1,21.9,201
2019-07-11,9.8,20.4,299
2019-07-12,8.6,19.2,339
2019-07-13,11.3,21.9,327
2019-07-14,8.2,17.0,342
2019-07-15,7.8,17.0,242
2019-07-16,9.0,19.5,313
2019-07-17,13.3,27.3,221
2019-07-18,11.5,24.8,325
2019-07-19,10.4,24.6,339
2019-07-20,11.5,22.8,345
2019-07-21,10.6,21.3,343
2019-07-22,11.4,22.8,339
2019-07-23,11.0,30.6,327
2019-07-24,10.4,21.9,340
2019-07-25,12.6,27.5,343
2019-07-26,11.7,23.3,344
2019-07-27,9.1,19.0,357
2019-07-28,10.6,22.8,341
2019-07-29,10.3,20.6,333
2019-07-30,7.3,15.7,337
2019-07-31,8.6,17.2,313
2019-08-01,9.2,19.7,228
2019-08-02,8.1,18.3,250
2019-08-03,10.7,22.1,340
2019-08-04,8.9,16.8,340
2019-08-05,9.6,20.8,335
2019-08-06,9.8,18.6,345
2019-08-07,10.5,20.4,349
2019-08-08,7.4,20.1,336
2019-08-09,8.2,16.6,343
2019-08-10,6.5,16.1,292
2019-08-11,5.4,14.5,264
2019-08-12,6.2,13.2,352
2019-08-13,8.3,17.0,352
2019-08-14,9.3,18.6,338
2019-08-15,9.3,22.4,334
2019-08-16,9.0,20.6,327
2019-08-17,7.2,16.1,321
2019-08-18,7.4,17.7,348
2019-08-19,6.9,16.8,350
2019-08-20,10.2,20.6,248
2019-08-21,10.3,21.7,196
2019-08-22,6.9,15.7,331
2019-08-23,8.3,15.4,347
2019-08-24,11.5,22.6,326
2019-08-25,8.9,21.0,337
2019-08-26,13.0,28.0,348
2019-08-27,14.7,29.3,37
2019-08-28,5.7,11.4,2
2019-08-29,9.9,21.3,233
2019-08-30,9.6,18.1,238
2019-08-31,8.8,16.8,277
2019-09-01,10.5,21.0,322
2019-09-02,5.6,15.2,337
2019-09-03,10.6,20.6,327
2019-09-04,9.6,21.9,344
2019-09-05,6.3,16.8,353
2019-09-06,14.1,29.5,277
2019-09-07,8.5,17.0,280
2019-09-08,10.4,22.1,205
2019-09-09,11.6,28.0,191
2019-09-10,4.1,11.9,181
2019-09-11,5.0,12.5,182
2019-09-12,6.5,14.8,203
2019-09-13,7.4,15.2,211
2019-09-14,6.3,14.8,246
2019-09-15,14.1,28.0,189
2019-09-16,10.9,22.4,195
2019-09-17,13.9,34.7,180
2019-09-18,8.6,16.6,180
2019-09-19,5.6,14.1,308
2019-09-20,5.6,13.4,226
2019-09-21,4.5,9.8,351
2019-09-22,10.6,21.7,201
2019-09-23,4.7,12.5,221
2019-09-24,7.6,15.4,248
2019-09-25,6.3,14.8,339
2019-09-26,6.4,13.9,271
2019-09-27,8.1,20.6,262
2019-09-28,8.2,20.6,13
2019-09-29,11.2,22.4,80
2019-09-30,10.1,21.5,47
2019-10-01,7.7,17.0,29
2019-10-02,7.8,15.7,108
2019-10-03,9.0,26.4,190
2019-10-04,11.5,23.0,194
2019-10-05,6.1,11.4,341
2019-10-06,6.3,14.8,1
2019-10-07,12.4,24.4,196
2019-10-08,12.1,31.8,280
2019-10-09,7.7,15.9,348
2019-10-10,14.0,27.7,53
2019-10-11,15.7,30.6,75
2019-10-12,7.4,15.4,76
2019-10-13,4.8,9.2,325
2019-10-14,5.8,13.9,348
2019-10-15,6.9,15.9,143
2019-10-16,12.6,25.9,177
2019-10-17,17.8,35.6,198
2019-10-18,13.1,28.6,200
2019-10-19,17.1,34.7,223
2019-10-20,16.7,32.0,190
2019-10-21,13.5,26.2,198
2019-10-22,14.8,28.6,242
2019-10-23,6.5,13.2,354
2019-10-24,5.9,11.2,3
2019-10-25,11.6,23.7,299
2019-10-26,12.2,23.9,323
2019-10-27,11.1,21.9,24
2019-10-28,6.3,9.8,7
2019-10-29,17.2,33.8,72
2019-10-30,15.2,29.8,62
2019-10-31,6.3,13.4,35
2019-11-01,14.3,28.2,53
2019-11-02,8.9,17.9,32
2019-11-03,6.0,11.9,9
2019-11-04,6.1,11.0,360
2019-11-05,5.6,9.8,357
2019-11-06,12.4,23.9,39
2019-11-07,12.2,24.4,66
2019-11-08,7.6,15.9,121
2019-11-09,5.3,10.5,165
2019-11-10,6.0,12.3,3
2019-11-11,14.6,28.6,75
2019-11-12,7.6,15.9,71
2019-11-13,13.6,25.7,47
2019-11-14,13.1,24.8,81
2019-11-15,14.3,26.8,192
2019-11-16,4.5,8.1,234
2019-11-17,8.2,15.9,178
2019-11-18,15.4,29.5,198
2019-11-19,10.3,24.2,261
2019-11-20,12.3,23.9,15
2019-11-21,11.5,21.5,48
2019-11-22,6.1,12.1,36
2019-11-23,4.3,10.1,166
2019-11-24,9.4,19.0,230
2019-11-25,7.8,22.6,234
2019-11-26,17.6,33.3,76
2019-11-27,12.4,25.9,30
2019-11-28,12.0,23.5,70
2019-11-29,7.3,15.2,46
2019-11-30,18.4,34.9,80
2019-12-01,19.1,35.1,76
2019-12-02,8.6,19.7,53
2019-12-03,3.5,6.5,2
2019-12-04,5.1,6.7,205
2019-12-05,12.0,22.1,74
2019-12-06,12.8,23.5,76
2019-12-07,6.9,20.6,68
2019-12-08,4.3,9.2,214
2019-12-09,7.1,13.2,57
2019-12-10,4.7,9.6,118
2019-12-11,7.3,26.4,120
2019-12-12,17.0,41.2,203
2019-12-13,9.7,24.2,192
2019-12-14,7.7,15.0,202
2019-12-15,4.7,10.7,186
2019-12-16,8.8,15.9,87
2019-12-17,12.2,22.8,79
2019-12-18,10.9,20.6,91
2019-12-19,21.2,41.2,177
2019-12-20,20.2,42.3,199
2019-12-21,7.3,20.4,182
2019-12-22,8.4,17.2,335
2019-12-23,6.6,13.4,191
2019-12-24,3.4,9.6,115
2019-12-25,8.2,14.5,64
2019-12-26,7.4,15.0,83
2019-12-27,7.2,15.0,194
2019-12-28,3.7,10.3,157
2019-12-29,12.9,23.5,69
2019-12-30,7.8,15.0,68
2019-12-31,19.1,41.6,194
